condition,episode,step,gate_drift_m,gate_rotation_deg,world_drift_m,world_rotation_deg,relative_drift_m,relative_rotation_deg,linear_speed_m_s,angular_speed_rad_s,world_linear_speed_m_s,world_angular_speed_rad_s,relative_linear_speed_m_s,relative_angular_speed_rad_s,anchor_excess_vs_eb_m,occupant_in_goal,support_contact,support_bodies,target_contact,robot_contact,passed
eb,0,0,0.0,0.0,0.0,0.0,0.0,0.0,0.0,0.0,0.0,0.0,0.0,0.0,0.0,0,1,floor,0,0,1
eb,0,1,7.979727989493313e-17,0.0,7.979727989493313e-17,0.0,0.01176443798081438,1.045654894575938e-05,3.0522638789036503e-15,3.620737725887167e-14,3.0522638789036503e-15,3.620737725887167e-14,0.2352887596162876,3.6500241499888623e-06,0.0,0,1,floor,0,0,1
eb,0,2,1.6653345369377348e-16,0.0,1.6653345369377348e-16,0.0,0.04217233182325151,0.0662856487992957,3.0514179698244616e-15,3.612185535859091e-14,3.0514179698244616e-15,3.612185535859091e-14,0.6081585753085362,0.023134300720626087,0.0,0,1,floor,0,0,1
eb,0,3,2.5326962749261384e-16,0.0,2.5326962749261384e-16,0.0,0.03872749564336592,0.26565476523627524,3.0522883826892616e-15,3.615788912488063e-14,3.0522883826892616e-15,3.615788912488063e-14,0.06909553410052831,0.06959295263307137,0.0,0,1,floor,0,0,1
eb,0,4,3.400058012914542e-16,0.0,3.400058012914542e-16,0.0,0.0385340906288272,0.27417653745097564,3.0524273355371e-15,3.6177350459725215e-14,3.0524273355371e-15,3.6177350459725215e-14,0.0038749839370472534,0.0029746599881648613,0.0,0,1,floor,0,0,1
eb,0,5,4.2674197509029455e-16,0.0,4.2674197509029455e-16,0.0,0.03852585446808471,0.2745279440516996,3.0515404063576523e-15,3.618390998616174e-14,3.0515404063576523e-15,3.618390998616174e-14,0.0001649999291201358,0.00012265819127572165,0.0,0,1,floor,0,0,1
eb,0,6,5.134781488891349e-16,0.0,5.134781488891349e-16,0.0,0.03852549816758565,0.2745428881048784,3.0502822819928117e-15,3.6221693769877536e-14,3.0502822819928117e-15,3.6221693769877536e-14,7.137607458033322e-06,5.057621821307297e-06,0.0,0,1,floor,0,0,1
eb,0,7,6.002143226879753e-16,0.0,6.002143226879753e-16,0.0,0.038525482745618254,0.2745435241435238,3.0547712004776386e-15,3.601582827928983e-14,3.0547712004776386e-15,3.601582827928983e-14,3.08925916169701e-07,0.0,0.0,0,1,floor,0,0,1
eb,0,8,6.869504964868156e-16,0.0,6.869504964868156e-16,0.0,0.038525482078064846,0.2745435512119594,3.049972765499289e-15,3.615416841732714e-14,3.049972765499289e-15,3.615416841732714e-14,1.3371478261615492e-08,0.0,0.0,0,1,floor,0,0,1
eb,0,9,7.73686670285656e-16,0.0,7.73686670285656e-16,0.0,0.038525482049168225,0.2745435523722248,3.0563288394390764e-15,3.599638445271794e-14,3.0563288394390764e-15,3.599638445271794e-14,5.787885127797549e-10,0.0,0.0,0,1,floor,0,0,1
eb,0,10,8.604228440844963e-16,0.0,8.604228440844963e-16,0.0,0.03852548204791743,0.27454355240674067,3.053514779580539e-15,3.6095953936063e-14,3.053514779580539e-15,3.6095953936063e-14,2.505208402678968e-11,0.0,0.0,0,1,floor,0,0,1
eb,1,0,0.0,0.0,0.0,0.0,0.0,0.0,0.0,0.0,0.0,0.0,0.0,0.0,0.0,0,1,floor,0,0,1
eb,1,1,7.979727989493313e-17,0.0,7.979727989493313e-17,0.0,0.011764437136945517,1.045654894575938e-05,3.0522638789036503e-15,3.620737725887167e-14,3.0522638789036503e-15,3.620737725887167e-14,0.23528874273891032,3.6500241499888623e-06,0.0,0,1,floor,0,0,1
eb,1,2,1.6653345369377348e-16,0.0,1.6653345369377348e-16,0.0,0.04216798326705235,0.0662856487992957,3.0514179698244616e-15,3.612185535859091e-14,3.0514179698244616e-15,3.612185535859091e-14,0.608071621194293,0.023134300720626087,0.0,0,1,floor,0,0,1
eb,1,3,2.5326962749261384e-16,0.0,2.5326962749261384e-16,0.0,0.03871008460226367,0.26565476523627524,3.0522883826892616e-15,3.615788912488063e-14,3.0522883826892616e-15,3.615788912488063e-14,0.06935608752126067,0.06959295263307137,0.0,0,1,floor,0,0,1
eb,1,4,3.400058012914542e-16,0.0,3.400058012914542e-16,0.0,0.03851612053694703,0.27417653745097564,3.0524273355371e-15,3.6177350459725215e-14,3.0524273355371e-15,3.6177350459725215e-14,0.003886148475526877,0.0029746599881648613,0.0,0,1,floor,0,0,1
eb,1,5,4.2674197509029455e-16,0.0,4.2674197509029455e-16,0.0,0.03850786127466991,0.2745279440516996,3.0515404063576523e-15,3.618390998616174e-14,3.0515404063576523e-15,3.618390998616174e-14,0.00016546132472337253,0.00012265819127572165,0.0,0,1,floor,0,0,1
eb,1,6,5.134781488891349e-16,0.0,5.134781488891349e-16,0.0,0.03850750399003363,0.2745428881048784,3.0502822819928117e-15,3.6221693769877536e-14,3.0502822819928117e-15,3.6221693769877536e-14,7.157264103435538e-06,5.057621821307297e-06,0.0,0,1,floor,0,0,1
eb,1,7,6.002143226879753e-16,0.0,6.002143226879753e-16,0.0,0.03850748852610608,0.2745435241435238,3.0547712004776386e-15,3.601582827928983e-14,3.0547712004776386e-15,3.601582827928983e-14,3.0976404501194835e-07,0.0,0.0,0,1,floor,0,0,1
eb,1,8,6.869504964868156e-16,0.0,6.869504964868156e-16,0.0,0.03850748785676375,0.2745435512119594,3.049972765499289e-15,3.615416841732714e-14,3.049972765499289e-15,3.615416841732714e-14,1.340721249059628e-08,0.0,0.0,0,1,floor,0,0,1
eb,1,9,7.73686670285656e-16,0.0,7.73686670285656e-16,0.0,0.03850748782779088,0.2745435523722248,3.0563288394390764e-15,3.599638445271794e-14,3.0563288394390764e-15,3.599638445271794e-14,5.80311778237593e-10,0.0,0.0,0,1,floor,0,0,1
eb,1,10,8.604228440844963e-16,0.0,8.604228440844963e-16,0.0,0.03850748782653682,0.27454355240674067,3.053514779580539e-15,3.6095953936063e-14,3.053514779580539e-15,3.6095953936063e-14,2.5117244105245458e-11,0.0,0.0,0,1,floor,0,0,1
eb,2,0,0.0,0.0,0.0,0.0,0.0,0.0,0.0,0.0,0.0,0.0,0.0,0.0,0.0,0,1,floor,0,0,1
eb,2,1,7.979727989493313e-17,0.0,7.979727989493313e-17,0.0,0.011764438767658097,1.045654894575938e-05,3.0522638789036503e-15,3.620737725887167e-14,3.0522638789036503e-15,3.620737725887167e-14,0.23528877535316192,3.6500241499888623e-06,0.0,0,1,floor,0,0,1
eb,2,2,1.6653345369377348e-16,0.0,1.6653345369377348e-16,0.0,0.04217653432869576,0.0662856487992957,3.0514179698244616e-15,3.612185535859091e-14,3.0514179698244616e-15,3.612185535859091e-14,0.6082426095526635,0.023134300720626087,0.0,0,1,floor,0,0,1
eb,2,3,2.5326962749261384e-16,0.0,2.5326962749261384e-16,0.0,0.0387443253346962,0.26565476523627524,3.0522883826892616e-15,3.615788912488063e-14,3.0522883826892616e-15,3.615788912488063e-14,0.06884366853045674,0.06959295263307137,0.0,0,1,floor,0,0,1
eb,2,4,3.400058012914542e-16,0.0,3.400058012914542e-16,0.0,0.03855146058804079,0.27417653745097564,3.0524273355371e-15,3.6177350459725215e-14,3.0524273355371e-15,3.6177350459725215e-14,0.003864194598319405,0.0029746599881648613,0.0,0,1,floor,0,0,1
eb,2,5,4.2674197509029455e-16,0.0,4.2674197509029455e-16,0.0,0.03854324674261703,0.2745279440516996,3.0515404063576523e-15,3.618390998616174e-14,3.0515404063576523e-15,3.618390998616174e-14,0.00016455423979888154,0.00012265819127572165,0.0,0,1,floor,0,0,1
eb,2,6,5.134781488891349e-16,0.0,5.134781488891349e-16,0.0,0.038542891392406915,0.2745428881048784,3.0502822819928117e-15,3.6221693769877536e-14,3.0502822819928117e-15,3.6221693769877536e-14,7.118627025324298e-06,5.057621821307297e-06,0.0,0,1,floor,0,0,1
eb,2,7,6.002143226879753e-16,0.0,6.002143226879753e-16,0.0,0.03854287601094125,0.2745435241435238,3.0547712004776386e-15,3.601582827928983e-14,3.0547712004776386e-15,3.601582827928983e-14,3.08116924214224e-07,0.0,0.0,0,1,floor,0,0,1
eb,2,8,6.869504964868156e-16,0.0,6.869504964868156e-16,0.0,0.03854287534511393,0.2745435512119594,3.049972765499289e-15,3.615416841732714e-14,3.049972765499289e-15,3.615416841732714e-14,1.3336999438011974e-08,0.0,0.0,0,1,floor,0,0,1
eb,2,9,7.73686670285656e-16,0.0,7.73686670285656e-16,0.0,0.03854287531629087,0.2745435523722248,3.0563288394390764e-15,3.599638445271794e-14,3.0563288394390764e-15,3.599638445271794e-14,5.773189963908254e-10,0.0,0.0,0,1,floor,0,0,1
eb,2,10,8.604228440844963e-16,0.0,8.604228440844963e-16,0.0,0.0385428753150432,0.27454355240674067,3.053514779580539e-15,3.6095953936063e-14,3.053514779580539e-15,3.6095953936063e-14,2.4989746555178884e-11,0.0,0.0,0,1,floor,0,0,1
eb,3,0,0.0,0.0,0.0,0.0,0.0,0.0,0.0,0.0,0.0,0.0,0.0,0.0,0.0,0,1,floor,0,0,1
eb,3,1,7.979727989493313e-17,0.0,7.979727989493313e-17,0.0,0.011764439097471003,1.045654894575938e-05,3.0522638789036503e-15,3.620737725887167e-14,3.0522638789036503e-15,3.620737725887167e-14,0.23528878194942004,3.6500241499888623e-06,0.0,0,1,floor,0,0,1
eb,3,2,1.6653345369377348e-16,0.0,1.6653345369377348e-16,0.0,0.042178218217046794,0.0662856487992957,3.0544050023514547e-15,3.599155220365676e-14,3.0544050023514547e-15,3.599155220365676e-14,0.6082762806722017,0.023134300720626087,0.0,0,1,floor,0,0,1
eb,3,3,2.5326962749261384e-16,0.0,2.5326962749261384e-16,0.0,0.038751067037567304,0.26565476523627524,3.049819857295691e-15,3.628454673620168e-14,3.049819857295691e-15,3.628454673620168e-14,0.06874278528211669,0.06959295263307137,0.0,0,1,floor,0,0,1
eb,3,4,3.400058012914542e-16,0.0,3.400058012914542e-16,0.0,0.03855841877248379,0.27417653745097564,3.0523838298522694e-15,3.616898730331993e-14,3.0523838298522694e-15,3.616898730331993e-14,0.003859871412168459,0.0029746599881648613,0.0,0,1,floor,0,0,1
eb,3,5,4.2674197509029455e-16,0.0,4.2674197509029455e-16,0.0,0.03855021387374779,0.2745279440516996,3.052942551646401e-15,3.6162500165572146e-14,3.052942551646401e-15,3.6162500165572146e-14,0.0001643755544416557,0.00012265819127572165,0.0,0,1,floor,0,0,1
eb,3,6,5.134781488891349e-16,0.0,5.134781488891349e-16,0.0,0.03854985890470881,0.2745428881048784,3.055040573496892e-15,3.6073261475629027e-14,3.055040573496892e-15,3.6073261475629027e-14,7.111013810348111e-06,5.057621821307297e-06,0.0,0,1,floor,0,0,1
eb,3,7,6.002143226879753e-16,0.0,6.002143226879753e-16,0.0,0.03854984353949656,0.2745435241435238,3.055421940471083e-15,3.6092564241561244e-14,3.055421940471083e-15,3.6092564241561244e-14,3.077922761053907e-07,0.0,0.0,0,1,floor,0,0,1
eb,3,8,6.869504964868156e-16,0.0,6.869504964868156e-16,0.0,0.03854984287436227,0.2745435512119594,3.055548499778131e-15,3.6137135026039613e-14,3.055548499778131e-15,3.6137135026039613e-14,1.3323156138082846e-08,0.0,0.0,0,1,floor,0,0,1
eb,3,9,7.73686670285656e-16,0.0,7.73686670285656e-16,0.0,0.03854984284556875,0.2745435523722248,3.0510272143547547e-15,3.615183986451091e-14,3.0510272143547547e-15,3.615183986451091e-14,5.767288233303058e-10,0.0,0.0,0,1,floor,0,0,1
eb,3,10,8.604228440844963e-16,0.0,8.604228440844963e-16,0.0,0.03854984284432232,0.27454355240674067,3.0525377706966073e-15,3.625192825673658e-14,3.0525377706966073e-15,3.625192825673658e-14,2.4964791645196092e-11,0.0,0.0,0,1,floor,0,0,1
eb,4,0,0.0,0.0,0.0,0.0,0.0,0.0,0.0,0.0,0.0,0.0,0.0,0.0,0.0,0,1,floor,0,0,1
eb,4,1,7.979727989493313e-17,0.0,7.979727989493313e-17,0.0,0.011764434674787834,1.045654894575938e-05,3.0522638789036503e-15,3.620737725887167e-14,3.0522638789036503e-15,3.620737725887167e-14,0.23528869349575668,3.6500241499888623e-06,0.0,0,1,floor,0,0,1
eb,4,2,1.6653345369377348e-16,0.0,1.6653345369377348e-16,0.0,0.04215117642477969,0.0662856487992957,3.0514179698244616e-15,3.612185535859091e-14,3.0514179698244616e-15,3.612185535859091e-14,0.6077355341042626,0.023134300720626087,0.0,0,1,floor,0,0,1
eb,4,3,2.5326962749261384e-16,0.0,2.5326962749261384e-16,0.0,0.038642696996770955,0.26565476523627524,3.0522883826892616e-15,3.615788912488063e-14,3.0522883826892616e-15,3.615788912488063e-14,0.07036505585518067,0.06959295263307137,0.0,0,1,floor,0,0,1
eb,4,4,3.400058012914542e-16,0.0,3.400058012914542e-16,0.0,0.03844657242774876,0.27417653745097564,3.0524273355371e-15,3.6177350459725215e-14,3.0524273355371e-15,3.6177350459725215e-14,0.003929295806265633,0.0029746599881648613,0.0,0,1,floor,0,0,1
eb,4,5,4.2674197509029455e-16,0.0,4.2674197509029455e-16,0.0,0.0384382241676424,0.2745279440516996,3.0515404063576523e-15,3.618390998616174e-14,3.0515404063576523e-15,3.618390998616174e-14,0.00016723886999940127,0.00012265819127572165,0.0,0,1,floor,0,0,1
eb,4,6,5.134781488891349e-16,0.0,5.134781488891349e-16,0.0,0.038437863101547814,0.2745428881048784,3.0502822819928117e-15,3.6221693769877536e-14,3.0502822819928117e-15,3.6221693769877536e-14,7.2327944276509285e-06,5.057621821307297e-06,0.0,0,1,floor,0,0,1
eb,4,7,6.002143226879753e-16,0.0,6.002143226879753e-16,0.0,0.03843784747681693,0.2745435241435238,3.0547712004776386e-15,3.601582827928983e-14,3.0547712004776386e-15,3.601582827928983e-14,3.1297605422240684e-07,0.0,0.0,0,1,floor,0,0,1
eb,4,8,6.869504964868156e-16,0.0,6.869504964868156e-16,0.0,0.03843784680063736,0.2745435512119594,3.049972765499289e-15,3.615416841732714e-14,3.049972765499289e-15,3.615416841732714e-14,1.354379085229061e-08,0.0,0.0,0,1,floor,0,0,1
eb,4,9,7.73686670285656e-16,0.0,7.73686670285656e-16,0.0,0.03843784677137382,0.2745435523722248,3.0563288394390764e-15,3.599638445271794e-14,3.0563288394390764e-15,3.599638445271794e-14,5.861182610441028e-10,0.0,0.0,0,1,floor,0,0,1
eb,4,10,8.604228440844963e-16,0.0,8.604228440844963e-16,0.0,0.03843784677010739,0.27454355240674067,3.053514779580539e-15,3.6095953936063e-14,3.053514779580539e-15,3.6095953936063e-14,2.5364252340920792e-11,0.0,0.0,0,1,floor,0,0,1
er,0,0,0.0,0.0,0.0,0.0,0.0,0.0,0.0,0.0,0.0,0.0,0.0,0.0,0.0,1,1,basket_1_main,0,0,1
er,0,1,1.3230102922622933e-07,4.1669052350376885e-05,0.011764660468801697,9.166046429243471e-05,1.3230102922622933e-07,4.1669052350376885e-05,2.6460205845245864e-06,1.4545243193999168e-05,0.4898795265932269,0.00024200270378243164,2.6460205845245864e-06,1.4545243193999168e-05,1.7991334919529454e-07,1,1,basket_1_main,0,0,1
er,0,2,5.523366696831507e-05,0.04278911189332579,0.0424983398988427,0.08101513597931206,5.523366696831507e-05,0.04278911189332579,0.0011041538423787994,0.014950363631543506,0.04773287816133622,0.37895714146111786,0.0011041538423787994,0.014950363631543506,8.88636679811024e-06,1,1,basket_1_main,0,0,1
er,0,3,1.8622336586503287e-06,0.0017243273006891488,0.03991646373053668,0.26638226985808894,1.8622336586503287e-06,0.0017243273006891488,0.0011351554577857946,0.015266427742477938,0.009776877648403914,0.009680162979106729,0.0011351554577857946,0.015266427742477938,3.1807516498912374e-06,1,1,basket_1_main,0,0,1
er,0,4,5.893544254816319e-07,0.0014257411502161261,0.03976122457537194,0.2749600964674459,5.893544254816319e-07,0.0014257411502161261,2.5985650924953647e-05,0.0003383344663059343,0.0004087934628454724,0.0003930954611378735,2.5985650924953647e-05,0.0003383344663059343,3.4576853965470943e-06,1,1,basket_1_main,0,0,1
er,0,5,5.885096156752783e-07,0.001425746774103755,0.039754636131147714,0.275325925055729,5.885096156752783e-07,0.001425746774103755,5.935924851061126e-08,0.0,1.763043473332278e-05,1.71630917039124e-05,5.935924851061126e-08,0.0,3.5025716032939773e-06,1,1,basket_1_main,0,0,1
er,0,6,5.885084638263131e-07,0.0014257462628421596,0.03975435188356831,0.27534190515293483,5.885084638263131e-07,0.0014257462628421596,2.5025817025246226e-09,4.2146848510894033e-07,7.611045786597132e-07,7.499680058041737e-07,2.5025817025246226e-09,4.2146848510894033e-07,3.505680029882007e-06,1,1,basket_1_main,0,0,1
er,0,7,5.885084407496574e-07,0.0014257442177939466,0.03975433961368413,0.2753426033803335,5.885084407496574e-07,0.0014257442177939466,1.031984838890206e-10,0.0,3.285881527717245e-08,3.276176275178303e-08,1.031984838890206e-10,0.0,3.505864014789128e-06,1,1,basket_1_main,0,0,1
er,0,8,5.88508443352224e-07,0.001425746774103755,0.039754339084028284,0.2753426338806187,5.88508443352224e-07,0.001425746774103755,2.0239162981992525e-12,0.0,1.4191616935447884e-09,1.4307354006446582e-09,2.0239162981992525e-12,0.0,3.5058741160954092e-06,1,1,basket_1_main,0,0,1
er,0,9,5.885084471610058e-07,0.0014257452403184199,0.039754339061167585,0.2753426352122429,5.885084471610058e-07,0.0014257452403184199,6.332398925659489e-12,0.0,6.21809348237727e-11,6.24920710339416e-11,6.332398925659489e-12,0.0,3.5058746459586575e-06,1,1,basket_1_main,0,0,1
er,0,10,5.885084510527934e-07,0.0014257406389525146,0.03975433906018405,0.2753426352546007,5.885084510527934e-07,0.0014257406389525146,6.52856551243124e-12,0.0,7.273977469276712e-12,2.7214903223716196e-12,6.52856551243124e-12,0.0,3.5058746729196705e-06,1,1,basket_1_main,0,0,1
er,1,0,0.0,0.0,0.0,0.0,0.0,0.0,0.0,0.0,0.0,0.0,0.0,0.0,0.0,1,1,basket_1_main,0,0,1
er,1,1,1.3230102944785775e-07,4.168654198487225e-05,0.011764660468801407,9.16763679039524e-05,1.3230102944785775e-07,4.168654198487225e-05,2.6460205889571547e-06,1.4551348228137459e-05,0.48987952659324296,0.0002420027080882833,2.6460205889571547e-06,1.4551348228137459e-05,1.7991334922718734e-07,1,1,basket_1_main,0,0,1
er,1,2,5.5233666966853604e-05,0.04278911201257357,0.04249833989884089,0.08101513603329676,5.5233666966853604e-05,0.04278911201257357,0.0011041538423521183,0.01495036366124775,0.04773287816034005,0.3789571414776533,0.0011041538423521183,0.01495036366124775,8.886366798592316e-06,1,1,basket_1_main,0,0,1
er,1,3,1.8622336683850301e-06,0.0017243306825469851,0.03991646373053687,0.26638226987724384,1.8622336683850301e-06,0.0017243306825469851,0.0011351554579412321,0.01526642781229219,0.00977687764841743,0.009680162977737028,0.0011351554579412321,0.01526642781229219,3.180751650170829e-06,1,1,basket_1_main,0,0,1
er,1,4,5.89354438889383e-07,0.0014257370601020994,0.03976122457537194,0.2749600964833521,5.89354438889383e-07,0.0014257370601020994,2.5985650861918593e-05,0.0003383336787602877,0.0004087934628476583,0.0003930954611519932,2.5985650861918593e-05,0.0003383336787602877,3.457685396789095e-06,1,1,basket_1_main,0,0,1
er,1,5,5.885096290970565e-07,0.0014257518867096216,0.03975463613114774,0.2753259250795568,5.885096290970565e-07,0.0014257518867096216,5.935925013257026e-08,0.0,1.7630434732802812e-05,1.716309171725056e-05,5.935925013257026e-08,0.0,3.502571603531604e-06,1,1,basket_1_main,0,0,1
er,1,6,5.885084772658922e-07,0.0014257431952687397,0.039754351883568156,0.2753419051344032,5.885084772658922e-07,0.0014257431952687397,2.502581021267928e-09,5.960464477539062e-07,7.611045758400541e-07,7.499679718960391e-07,2.502581021267928e-09,5.960464477539062e-07,3.505680030119562e-06,1,1,basket_1_main,0,0,1
er,1,7,5.885084541652799e-07,0.0014257396164247412,0.039754339613683964,0.27534260335385985,5.885084541652799e-07,0.0014257396164247412,1.031984844572378e-10,0.0,3.28588174601739e-08,3.276175839943115e-08,1.031984844572378e-10,0.0,3.5058640150272747e-06,1,1,basket_1_main,0,0,1
er,1,8,5.885084567481198e-07,0.0014257426840058615,0.03975433908402813,0.27534263385943974,5.885084567481198e-07,0.0014257426840058615,2.0237895146227182e-12,0.0,1.4191651181944125e-09,1.430709748819621e-09,2.0237895146227182e-12,0.0,3.5058741163317886e-06,1,1,basket_1_main,0,0,1
er,1,9,5.885084605561926e-07,0.0014257421727428,0.03975433906116744,0.2753426351937114,5.885084605561926e-07,0.0014257421727428,6.33115017134242e-12,0.0,6.21791742152659e-11,6.24912920526828e-11,6.33115017134242e-12,0.0,3.5058746461957297e-06,1,1,basket_1_main,0,0,1
er,1,10,5.88508464466708e-07,0.0014257375713669944,0.0397543390601839,0.2753426352387165,5.88508464466708e-07,0.0014257375713669944,6.52870750174265e-12,0.0,7.273936367148144e-12,2.7215720026399744e-12,6.52870750174265e-12,0.0,3.5058746731564755e-06,1,1,basket_1_main,0,0,1
er,2,0,0.0,0.0,0.0,0.0,0.0,0.0,0.0,0.0,0.0,0.0,0.0,0.0,0.0,1,1,basket_1_main,0,0,1
er,2,1,1.3230102932504965e-07,4.172149925892707e-05,0.011764660468801782,9.168431867521786e-05,1.3230102932504965e-07,4.172149925892707e-05,2.646020586500993e-06,1.456355061873303e-05,0.48987952659322503,0.00024200270039657933,2.646020586500993e-06,1.456355061873303e-05,1.7991334919212264e-07,1,1,basket_1_main,0,0,1
er,2,2,5.5233666968263745e-05,0.04278911192739659,0.04249833989884319,0.08101513602429931,5.5233666968263745e-05,0.04278911192739659,0.001104153842377501,0.01495036366124775,0.047732878161200795,0.3789571414669867,0.001104153842377501,0.01495036366124775,8.886366798313939e-06,1,1,basket_1_main,0,0,1
er,2,3,1.862233651619329e-06,0.0017243353325906807,0.039916463730536686,0.26638226987724384,1.862233651619329e-06,0.0017243353325906807,0.0011351554576487328,0.015266427870470733,0.009776877648398024,0.009680162979379047,0.0011351554576487328,0.015266427870470733,3.180751649413371e-06,1,1,basket_1_main,0,0,1
er,2,4,5.893544175106464e-07,0.0014257452403184199,0.039761224575372005,0.2749600964939563,5.893544175106464e-07,0.0014257452403184199,2.59856509400367e-05,0.00033834181664357127,0.0004087934628478613,0.0003930954611234823,2.59856509400367e-05,0.00033834181664357127,3.4576853961217185e-06,1,1,basket_1_main,0,0,1
er,2,5,5.885096077220314e-07,0.0014257442177939466,0.03975463613114769,0.27532592504778647,5.885096077220314e-07,0.0014257442177939466,5.9359248526433923e-08,0.0,1.7630434739842947e-05,1.716309171239315e-05,5.9359248526433923e-08,0.0,3.5025716028773765e-06,1,1,basket_1_main,0,0,1
er,2,6,5.885084558839919e-07,0.0014257431952687397,0.03975435188356823,0.2753419051396979,5.885084558839919e-07,0.0014257431952687397,2.5025803497852812e-09,0.0,7.611045786947883e-07,7.499680038570332e-07,2.5025803497852812e-09,0.0,3.5056800296061516e-06,1,1,basket_1_main,0,0,1
er,2,7,5.885084327940115e-07,0.0014257401276887196,0.03975433961368402,0.27534260336444927,5.885084327940115e-07,0.0014257401276887196,1.031979402128456e-10,0.0,3.285881660126047e-08,3.276175078637529e-08,1.031979402128456e-10,0.0,3.5058640146121455e-06,1,1,basket_1_main,0,0,1
er,2,8,5.885084353636497e-07,0.0014257437065314346,0.039754339084028194,0.2753426338700292,5.885084353636497e-07,0.0014257437065314346,2.022904449419351e-12,0.0,1.4191606388949442e-09,1.430749124925987e-09,2.022904449419351e-12,0.0,3.505874115917957e-06,1,1,basket_1_main,0,0,1
er,2,9,5.885084391763075e-07,0.0014257421727428,0.039754339061167494,0.27534263520430075,5.885084391763075e-07,0.0014257421727428,6.332399885384661e-12,0.0,6.217883982040978e-11,6.248781256280403e-11,6.332399885384661e-12,0.0,3.5058746457824797e-06,1,1,basket_1_main,0,0,1
er,2,10,5.885084430797055e-07,0.0014257447290562748,0.03975433906018394,0.27534263524665864,5.885084430797055e-07,0.0014257447290562748,6.525498286895815e-12,0.0,7.274513810047773e-12,2.730355659472286e-12,6.525498286895815e-12,0.0,3.50587467274186e-06,1,1,basket_1_main,0,0,1
er,3,0,0.0,0.0,0.0,0.0,0.0,0.0,0.0,0.0,0.0,0.0,0.0,0.0,0.0,1,1,basket_1_main,0,0,1
er,3,1,1.3230102924012517e-07,4.168654198487225e-05,0.011764660468801683,9.16763679039524e-05,1.3230102924012517e-07,4.168654198487225e-05,2.6460205848025034e-06,1.4551348228137459e-05,0.4898795265932305,0.00024200270221383963,2.6460205848025034e-06,1.4551348228137459e-05,1.7991334919849127e-07,1,1,basket_1_main,0,0,1
er,3,2,5.5233666969425935e-05,0.04278911199553818,0.04249833989884241,0.08101513602429931,5.5233666969425935e-05,0.04278911199553818,0.0011041538424026844,0.01495036367312945,0.04773287816099929,0.37895714147114107,0.0011041538424026844,0.01495036367312945,8.886366798178988e-06,1,1,basket_1_main,0,0,1
er,3,3,1.8622336607496297e-06,0.0017243311052787483,0.03991646373053687,0.26638226987724384,1.8622336607496297e-06,0.0017243311052787483,0.0011351554578420923,0.015266427829745752,0.009776877648403537,0.009680162978468337,0.0011351554578420923,0.015266427829745752,3.1807516501404807e-06,1,1,basket_1_main,0,0,1
er,3,4,5.893544288461238e-07,0.0014257416614795548,0.03976122457537214,0.27496009650721154,5.893544288461238e-07,0.0014257416614795548,2.598565089894948e-05,0.00033833709144485014,0.000408793462844505,0.0003930954611522602,2.598565089894948e-05,0.00033833709144485014,3.457685396784079e-06,1,1,basket_1_main,0,0,1
er,3,5,5.885096190298517e-07,0.0014257483078874398,0.03975463613114778,0.27532592505837655,5.885096190298517e-07,0.0014257483078874398,5.9359249849085274e-08,0.0,1.7630434735076045e-05,1.7163091725433352e-05,5.9359249849085274e-08,0.0,3.502571603525686e-06,1,1,basket_1_main,0,0,1
er,3,6,5.885084671846274e-07,0.001425746774103755,0.03975435188356834,0.27534190515028745,5.885084671846274e-07,0.001425746774103755,2.5025815452125577e-09,8.429369702178807e-07,7.611045778494287e-07,7.499680042710598e-07,2.5025815452125577e-09,8.429369702178807e-07,3.5056800302520308e-06,1,1,basket_1_main,0,0,1
er,3,7,5.885084440761606e-07,0.0014257426840058615,0.03975433961368413,0.27534260336709665,5.885084440761606e-07,0.0014257426840058615,1.0319788538393573e-10,0.0,3.2858816476519465e-08,3.276178496792409e-08,1.0319788538393573e-10,0.0,3.505864015258528e-06,1,1,basket_1_main,0,0,1
er,3,8,5.885084466916398e-07,0.001425746774103755,0.03975433908402831,0.2753426338753239,5.885084466916398e-07,0.001425746774103755,2.0249269413200136e-12,0.0,1.4191620355617726e-09,1.430718428277327e-09,2.0249269413200136e-12,0.0,3.5058741165642488e-06,1,1,basket_1_main,0,0,1
er,3,9,5.885084504941658e-07,0.0014257452403184199,0.03975433906116763,0.27534263520959557,5.885084504941658e-07,0.0014257452403184199,6.332259655400289e-12,0.0,6.217834138404201e-11,6.2474572217645e-11,6.332259655400289e-12,0.0,3.505874646427453e-06,1,1,basket_1_main,0,0,1
er,3,10,5.885084544132996e-07,0.0014257406389525146,0.039754339060184066,0.2753426352546007,5.885084544132996e-07,0.0014257406389525146,6.527046477867701e-12,0.0,7.274509935178155e-12,2.7271334300120055e-12,6.527046477867701e-12,0.0,3.5058746733878624e-06,1,1,basket_1_main,0,0,1
er,4,0,0.0,0.0,0.0,0.0,0.0,0.0,0.0,0.0,0.0,0.0,0.0,0.0,0.0,1,1,basket_1_main,0,0,1
er,4,1,1.3230102939263091e-07,4.172149925892707e-05,0.011764660468801669,9.168431867521786e-05,1.3230102939263091e-07,4.172149925892707e-05,2.6460205878526183e-06,1.456355061873303e-05,0.48987952659323103,0.00024200270300402764,2.6460205878526183e-06,1.456355061873303e-05,1.799133492048599e-07,1,1,basket_1_main,0,0,1
er,4,2,5.523366696791605e-05,0.04278911194443198,0.04249833989884295,0.08101513601530186,5.523366696791605e-05,0.04278911194443198,0.0011041538423724663,0.01495036366124775,0.04773287816098203,0.3789571414785559,0.0011041538423724663,0.01495036366124775,8.88636679822374e-06,1,1,basket_1_main,0,0,1
er,4,3,1.862233653546464e-06,0.0017243357553213038,0.039916463730536665,0.26638226987724384,1.862233653546464e-06,0.0017243357553213038,0.0011351554576752181,0.015266427876288584,0.009776877648400526,0.009680162979448369,0.0011351554576752181,0.015266427876288584,3.180751649179887e-06,1,1,basket_1_main,0,0,1
er,4,4,5.893544192647831e-07,0.0014257447290562748,0.039761224575372,0.2749600964886542,5.893544192647831e-07,0.0014257447290562748,2.598565094155607e-05,0.00033834129162474993,0.0004087934628469648,0.00039309546113919474,2.598565094155607e-05,0.00033834129162474993,3.457685395890199e-06,1,1,basket_1_main,0,0,1
er,4,5,5.885096094594189e-07,0.0014257442177939466,0.0397546361311478,0.2753259250424914,5.885096094594189e-07,0.0014257442177939466,5.9359248492400014e-08,0.0,1.7630434754338452e-05,1.7163091717361687e-05,5.9359248492400014e-08,0.0,3.50257160265163e-06,1,1,basket_1_main,0,0,1
er,4,6,5.885084576370689e-07,0.0014257426840058615,0.03975435188356821,0.2753419051370506,5.885084576370689e-07,0.0014257426840058615,2.502582058372711e-09,0.0,7.611045764978384e-07,7.499679930112498e-07,2.502582058372711e-09,0.0,3.5056800292419728e-06,1,1,basket_1_main,0,0,1
er,4,7,5.885084345261233e-07,0.0014257406389525146,0.03975433961368405,0.27534260336444927,5.885084345261233e-07,0.0014257406389525146,1.0319873123659308e-10,0.0,3.285881490871317e-08,3.276175165935903e-08,1.0319873123659308e-10,0.0,3.5058640141485224e-06,1,1,basket_1_main,0,0,1
er,4,8,5.885084371157364e-07,0.0014257447290562748,0.03975433908402823,0.2753426338700292,5.885084371157364e-07,0.0014257447290562748,2.024028333231436e-12,0.0,1.4191638136422085e-09,1.4307224569650233e-09,2.024028333231436e-12,0.0,3.5058741154536425e-06,1,1,basket_1_main,0,0,1
er,4,9,5.885084409065304e-07,0.0014257426840058615,0.03975433906116752,0.2753426352016534,5.885084409065304e-07,0.0014257426840058615,6.332534580767383e-12,0.0,6.218216234069842e-11,6.249243922241363e-11,6.332534580767383e-12,0.0,3.5058746453174946e-06,1,1,basket_1_main,0,0,1
er,4,10,5.885084448142111e-07,0.0014257375713669944,0.039754339060183955,0.2753426352440113,5.885084448142111e-07,0.0014257375713669944,6.5274621626071075e-12,0.0,7.272629211637429e-12,2.7156091781763722e-12,6.5274621626071075e-12,0.0,3.5058746722785076e-06,1,1,basket_1_main,0,0,1
ec,0,0,0.0,0.0,0.0,0.0,0.0,0.0,3.945962175222324e-15,5.0065022965453435e-14,3.945962175222324e-15,5.0065022965453435e-14,0.0,0.0,0.0,0,1,floor,0,0,1
ec,0,1,8.326672684688674e-17,0.0,8.326672684688674e-17,0.0,0.01176443759005305,1.0663629423853027e-05,3.945445207614878e-15,5.0121464093542735e-14,3.945445207614878e-15,5.0121464093542735e-14,0.235288751801061,3.7223088731756253e-06,0.0,0,1,floor,0,0,1
ec,0,2,1.700029006457271e-16,0.0,1.700029006457271e-16,0.0,0.042172319067317145,0.06628564883228609,3.944859223127945e-15,5.004835728184621e-14,3.944859223127945e-15,5.004835728184621e-14,0.6081583280053336,0.023134300732143766,0.0,0,1,floor,0,0,1
ec,0,3,2.5673907444456745e-16,0.0,2.5673907444456745e-16,0.0,0.038727490837043986,0.2656547652472509,4.03662978582958e-15,4.617537081055136e-14,4.03662978582958e-15,4.617537081055136e-14,0.06909537555284877,0.06959295263690014,0.0,0,1,floor,0,0,1
ec,0,4,3.434752482434078e-16,0.0,3.434752482434078e-16,0.0,0.03853408409272166,0.2741765374589515,3.948388246043493e-15,4.9872866185698155e-14,3.948388246043493e-15,4.9872866185698155e-14,0.0038750184797866905,0.002974660077739308,0.0,0,1,floor,0,0,1
ec,0,5,4.3021142204224816e-16,0.0,4.3021142204224816e-16,0.0,0.038525847724389835,0.2745279440596653,3.9452119812802894e-15,5.0098260455566106e-14,3.9452119812802894e-15,5.0098260455566106e-14,0.00016500407493658906,0.00012266036358206077,0.0,0,1,floor,0,0,1
ec,0,6,5.169475958410885e-16,0.0,5.169475958410885e-16,0.0,0.03852549141024082,0.2745428881128436,3.9462946670070724e-15,5.0057711987762336e-14,3.9462946670070724e-15,5.0057711987762336e-14,7.137880077705479e-06,5.0926230819925985e-06,0.0,0,1,floor,0,0,1
ec,0,7,6.036837696399289e-16,0.0,6.036837696399289e-16,0.0,0.03852547598748512,0.27454352415148897,3.946152262652672e-15,5.0023758103370285e-14,3.946152262652672e-15,5.0023758103370285e-14,3.0894166100033643e-07,0.0,0.0,0,1,floor,0,0,1
ec,0,8,6.904199434387692e-16,0.0,6.904199434387692e-16,0.0,0.038525475319889146,0.2745435512199246,3.9448101650298744e-15,5.008119101659147e-14,3.9448101650298744e-15,5.008119101659147e-14,1.3372328403603622e-08,0.0,0.0,0,1,floor,0,0,1
ec,0,9,7.771561172376096e-16,0.0,7.771561172376096e-16,0.0,0.03852547529099032,0.2745435523775349,3.946837882675684e-15,4.9873286160767304e-14,3.946837882675684e-15,4.9873286160767304e-14,5.78832573168932e-10,0.0,0.0,0,1,floor,0,0,1
ec,0,10,8.638922910364499e-16,0.0,8.638922910364499e-16,0.0,0.038525475289739396,0.27454355241470585,3.9447881886189454e-15,5.012835124807663e-14,3.9447881886189454e-15,5.012835124807663e-14,2.5054604395095836e-11,0.0,0.0,0,1,floor,0,0,1
ec,1,0,0.0,1.7075472925031877e-06,0.0,1.7075472925031877e-06,0.0,1.7075472925031877e-06,3.802569306722888e-15,4.555480697679235e-14,3.802569306722888e-15,4.555480697679235e-14,0.0,0.0,0.0,0,1,floor,0,0,1
ec,1,1,1.6653345369377348e-16,1.7075472925031877e-06,1.6653345369377348e-16,1.7075472925031877e-06,0.011764436746184187,1.0799477313527681e-05,3.803425302406236e-15,4.561252006269835e-14,3.803425302406236e-15,4.561252006269835e-14,0.23528873492368374,3.7697287323097995e-06,0.0,0,1,floor,0,0,1
ec,1,2,3.400058012914542e-16,1.7075472925031877e-06,3.400058012914542e-16,1.7075472925031877e-06,0.04216797051111798,0.06628564886527646,3.7001114513685015e-15,5.109170632232176e-14,3.7001114513685015e-15,5.109170632232176e-14,0.6080713738910903,0.023134300743661452,0.0,0,1,floor,0,0,1
ec,1,3,5.134781488891349e-16,1.7075472925031877e-06,5.134781488891349e-16,1.7075472925031877e-06,0.038710079795941876,0.2656547652527387,3.804619875144333e-15,4.55796085514947e-14,3.804619875144333e-15,4.55796085514947e-14,0.06935592897032533,0.06959295264072887,0.0,0,1,floor,0,0,1
ec,1,4,6.869504964868156e-16,1.7075472925031877e-06,6.869504964868156e-16,1.7075472925031877e-06,0.038516114000841664,0.27417653746692733,3.8025718185757056e-15,4.5593283183877905e-14,3.8025718185757056e-15,4.5593283183877905e-14,0.003886183018573919,0.002974660167313752,0.0,0,1,floor,0,0,1
ec,1,5,8.604228440844963e-16,1.7075472925031877e-06,8.604228440844963e-16,1.7075472925031877e-06,0.0385078545309752,0.274527944067631,3.8060119482928736e-15,4.558962615192055e-14,3.8060119482928736e-15,4.558962615192055e-14,0.0001654654705737369,0.00012266253584992918,0.0,0,1,floor,0,0,1
ec,1,6,1.033895191682177e-15,1.7075472925031877e-06,1.033895191682177e-15,1.7075472925031877e-06,0.03850749723268898,0.27454288812080885,3.939783947977679e-15,3.851964194846229e-14,3.939783947977679e-15,3.851964194846229e-14,7.157536725009911e-06,5.161913655903585e-06,0.0,0,1,floor,0,0,1
ec,1,7,1.2073675392798577e-15,1.7075472925031877e-06,1.2073675392798577e-15,1.7075472925031877e-06,0.03850748176797313,0.2745435241594542,3.804652449445713e-15,4.5586246341378703e-14,3.804652449445713e-15,4.5586246341378703e-14,3.0977979003639636e-07,0.0,0.0,0,1,floor,0,0,1
ec,1,8,1.3808398868775384e-15,1.7075472925031877e-06,1.3808398868775384e-15,1.7075472925031877e-06,0.038507481098588224,0.27454355122788976,3.7996622996377546e-15,4.5783739835640916e-14,3.7996622996377546e-15,4.5783739835640916e-14,1.3408063018480621e-08,0.0,0.0,0,1,floor,0,0,1
ec,1,9,1.5543122344752192e-15,1.7075472925031877e-06,1.5543122344752192e-15,1.7075472925031877e-06,0.038507481069613145,0.2745435523881552,3.806333944837632e-15,4.5621803671112765e-14,3.806333944837632e-15,4.5621803671112765e-14,5.803559144047746e-10,0.0,0.0,0,1,floor,0,0,1
ec,1,10,1.7277845820728999e-15,1.7075472925031877e-06,1.7277845820728999e-15,1.7075472925031877e-06,0.038507481068358974,0.2745435524226711,3.804865611947896e-15,4.5525654281230316e-14,3.804865611947896e-15,4.5525654281230316e-14,2.5119536992014738e-11,0.0,0.0,0,1,floor,0,0,1
ec,2,0,0.0,0.0,0.0,0.0,0.0,0.0,3.0061919564554887e-15,3.9047912384409406e-14,3.0061919564554887e-15,3.9047912384409406e-14,0.0,0.0,0.0,0,1,floor,0,0,1
ec,2,1,8.326672684688674e-17,0.0,8.326672684688674e-17,0.0,0.011764438376896776,1.0663629423853027e-05,3.0502223294904275e-15,3.611045843274731e-14,3.0502223294904275e-15,3.611045843274731e-14,0.2352887675379355,3.7223088731756253e-06,0.0,0,1,floor,0,0,1
ec,2,2,1.700029006457271e-16,0.0,1.700029006457271e-16,0.0,0.04217652157276138,0.06628564883228609,3.048462275747234e-15,3.616659926465733e-14,3.048462275747234e-15,3.616659926465733e-14,0.6082423622494604,0.023134300732143766,0.0,0,1,floor,0,0,1
ec,2,3,2.5673907444456745e-16,0.0,2.5673907444456745e-16,0.0,0.03874432052837408,0.2656547652472509,3.0509014645708215e-15,3.6107337555239625e-14,3.0509014645708215e-15,3.6107337555239625e-14,0.06884350998596031,0.06959295263690014,0.0,0,1,floor,0,0,1
ec,2,4,3.434752482434078e-16,0.0,3.434752482434078e-16,0.0,0.038551454051935025,0.2741765374589515,3.0501037176366206e-15,3.606456108766012e-14,3.0501037176366206e-15,3.606456108766012e-14,0.0038642291407590622,0.002974660077739308,0.0,0,1,floor,0,0,1
ec,2,5,4.3021142204224816e-16,0.0,4.3021142204224816e-16,0.0,0.038543239998921924,0.2745279440596653,3.050802145151742e-15,3.613232789039544e-14,3.050802145151742e-15,3.613232789039544e-14,0.00016455838558265595,0.00012266036358206077,0.0,0,1,floor,0,0,1
ec,2,6,5.169475958410885e-16,0.0,5.169475958410885e-16,0.0,0.03854288463506187,0.2745428881128436,3.050901525942665e-15,3.6116593757402075e-14,3.050901525942665e-15,3.6116593757402075e-14,7.118899642675467e-06,5.0926230819925985e-06,0.0,0,1,floor,0,0,1
ec,2,7,6.036837696399289e-16,0.0,6.036837696399289e-16,0.0,0.03854286925280789,0.27454352415148897,3.0512692141752236e-15,3.6117145834074075e-14,3.0512692141752236e-15,3.6117145834074075e-14,3.0813266920967516e-07,0.0,0.0,0,1,floor,0,0,1
ec,2,8,6.904199434387692e-16,0.0,6.904199434387692e-16,0.0,0.038542868586938006,0.2745435512199246,3.0491890328574304e-15,3.6147388478514385e-14,3.0491890328574304e-15,3.6147388478514385e-14,1.3337849574176885e-08,0.0,0.0,0,1,floor,0,0,1
ec,2,9,7.771561172376096e-16,0.0,7.771561172376096e-16,0.0,0.038542868558112744,0.2745435523775349,3.0487988544289724e-15,3.6137397230053417e-14,3.0487988544289724e-15,3.6137397230053417e-14,5.773630819051734e-10,0.0,0.0,0,1,floor,0,0,1
ec,2,10,8.638922910364499e-16,0.0,8.638922910364499e-16,0.0,0.03854286855686495,0.27454355241470585,3.0515739041752196e-15,3.5976558652956986e-14,3.0515739041752196e-15,3.5976558652956986e-14,2.4991964755935516e-11,0.0,0.0,0,1,floor,0,0,1
ec,3,0,0.0,0.0,0.0,0.0,0.0,0.0,4.5525392766785656e-15,5.731501899743389e-14,4.5525392766785656e-15,5.731501899743389e-14,0.0,0.0,0.0,0,1,floor,0,0,1
ec,3,1,1.6653345369377348e-16,0.0,1.6653345369377348e-16,0.0,0.011764438706709675,1.002956941182704e-05,4.553880262229452e-15,5.728308110257069e-14,4.553880262229452e-15,5.728308110257069e-14,0.2352887741341935,3.5009801758738587e-06,0.0,0,1,floor,0,0,1
ec,3,2,3.400058012914542e-16,0.0,3.400058012914542e-16,0.0,0.0421782054611124,0.06628564873331495,4.611008126340973e-15,5.373894098289361e-14,4.611008126340973e-15,5.373894098289361e-14,0.6082760333689985,0.02313430069759071,0.0,0,1,floor,0,0,1
ec,3,3,5.134781488891349e-16,0.0,5.134781488891349e-16,0.0,0.03875106223124506,0.2656547652198118,4.5538289418703816e-15,5.735472193997392e-14,4.5538289418703816e-15,5.735472193997392e-14,0.06874262673890609,0.06959295262541387,0.0,0,1,floor,0,0,1
ec,3,4,6.869504964868156e-16,0.0,6.869504964868156e-16,0.0,0.03855841223637788,0.2741765374350239,4.551140127428751e-15,5.729926181534704e-14,4.551140127428751e-15,5.729926181534704e-14,0.003859905954487387,0.002974659809015959,0.0,0,1,floor,0,0,1
ec,3,5,8.604228440844963e-16,0.0,8.604228440844963e-16,0.0,0.038550207130052534,0.2745279440357683,4.551674466418509e-15,5.733356140870937e-14,4.551674466418509e-15,5.733356140870937e-14,0.00016437970021261291,0.00012265384654762306,0.0,0,1,floor,0,0,1
ec,3,6,1.033895191682177e-15,0.0,1.033895191682177e-15,0.0,0.03854985214736361,0.274542888088948,4.5525876792129074e-15,5.729595169825953e-14,4.5525876792129074e-15,5.729595169825953e-14,7.111286426955436e-06,4.951133646320162e-06,0.0,0,1,floor,0,0,1
ec,3,7,1.2073675392798577e-15,0.0,1.2073675392798577e-15,0.0,0.03854983678136304,0.27454352412759336,4.553147834569975e-15,5.742709981887109e-14,4.553147834569975e-15,5.742709981887109e-14,3.0780802113458106e-07,0.0,0.0,0,1,floor,0,0,1
ec,3,8,1.3808398868775384e-15,0.0,1.3808398868775384e-15,0.0,0.03854983611618619,0.27454355119602897,4.5529275990640134e-15,5.734916184395761e-14,4.5529275990640134e-15,5.734916184395761e-14,1.3324006349421412e-08,0.0,0.0,0,1,floor,0,0,1
ec,3,9,1.5543122344752192e-15,0.0,1.5543122344752192e-15,0.0,0.03854983608739047,0.27454355235629435,4.55156848927122e-15,5.735122751874967e-14,4.55156848927122e-15,5.735122751874967e-14,5.767730099373457e-10,0.0,0.0,0,1,floor,0,0,1
ec,3,10,1.7277845820728999e-15,0.0,1.7277845820728999e-15,0.0,0.03854983608614393,0.27454355239081024,4.5518897607571344e-15,5.738124912677626e-14,4.5518897607571344e-15,5.738124912677626e-14,2.4967085017937298e-11,0.0,0.0,0,1,floor,0,0,1
ec,4,0,0.0,0.0,0.0,0.0,0.0,0.0,3.8689915740930824e-15,4.664202779363125e-14,3.8689915740930824e-15,4.664202779363125e-14,0.0,0.0,0.0,0,1,floor,0,0,1
ec,4,1,8.326672684688674e-17,0.0,8.326672684688674e-17,0.0,0.011764434284026513,1.059505231752994e-05,3.868346016440161e-15,4.6621937979031534e-14,3.868346016440161e-15,4.6621937979031534e-14,0.23528868568053024,3.6983709472390634e-06,0.0,0,1,floor,0,0,1
ec,4,2,1.700029006457271e-16,0.0,1.700029006457271e-16,0.0,0.04215116366884533,0.0662856488212893,3.867530939855121e-15,4.664344573802441e-14,3.867530939855121e-15,4.664344573802441e-14,0.6077352868010607,0.023134300728304538,0.0,0,1,floor,0,0,1
ec,4,3,2.5673907444456745e-16,0.0,2.5673907444456745e-16,0.0,0.03864269219044996,0.26565476524176307,3.8712757962720335e-15,4.658495764203968e-14,3.8712757962720335e-15,4.658495764203968e-14,0.07036489729197136,0.06959295263562387,0.0,0,1,floor,0,0,1
ec,4,4,3.434752482434078e-16,0.0,3.434752482434078e-16,0.0,0.03844656589164433,0.2741765374562929,3.8686415270883485e-15,4.663956072394042e-14,3.8686415270883485e-15,4.663956072394042e-14,0.003929330350476916,0.002974660047881159,0.0,0,1,floor,0,0,1
ec,4,5,4.3021142204224816e-16,0.0,4.3021142204224816e-16,0.0,0.03843821742394864,0.2745279440570101,3.8661364810901616e-15,4.6677785855436156e-14,3.8661364810901616e-15,4.6677785855436156e-14,0.00016724301597663616,0.00012265963948422236,0.0,0,1,floor,0,0,1
ec,4,6,5.169475958410885e-16,0.0,5.169475958410885e-16,0.0,0.03843785634420412,0.27454288811018857,3.86614992189587e-15,4.663191306172913e-14,3.86614992189587e-15,4.663191306172913e-14,7.2330670567763076e-06,5.0926230819925985e-06,0.0,0,1,floor,0,0,1
ec,4,7,6.036837696399289e-16,0.0,6.036837696399289e-16,0.0,0.03843784071868493,0.27454352414883393,3.869780600010083e-15,4.665681629179508e-14,3.869780600010083e-15,4.665681629179508e-14,3.1299179957648127e-07,0.0,0.0,0,1,floor,0,0,1
ec,4,8,6.904199434387692e-16,0.0,6.904199434387692e-16,0.0,0.038437840042462784,0.27454355121726953,3.868753239717592e-15,4.686091675614574e-14,3.868753239717592e-15,4.686091675614574e-14,1.354464132535382e-08,0.0,0.0,0,1,floor,0,0,1
ec,4,9,7.771561172376096e-16,0.0,7.771561172376096e-16,0.0,0.038437840013197035,0.2745435523775349,3.8704718962369564e-15,4.655668164483298e-14,3.8704718962369564e-15,4.655668164483298e-14,5.861623479496125e-10,0.0,0.0,0,1,floor,0,0,1
ec,4,10,8.638922910364499e-16,0.0,8.638922910364499e-16,0.0,0.0384378400119305,0.2745435524120508,3.868783494363458e-15,4.6623018279751787e-14,3.868783494363458e-15,4.6623018279751787e-14,2.5366470792290677e-11,0.0,0.0,0,1,floor,0,0,1
