episode_idx,eb_success,calibrated,attempts,invalid_candidates,candidate_held_hits,candidate_arm_hits,candidate_gripper_hits,path_step,risk_x,risk_y,held_object_contact,arm_contact,gripper_contact,tilt_deg,displacement_m,penetration_m
0,1,1,192,163,3,8,23,77,-0.010243286974290312,0.045271100307206366,1,0,0,49.59387841481738,0.021556811947668075,5.547500796106554e-05
1,1,1,147,108,4,17,33,74,-0.002388755215310765,0.08023091968485284,1,0,0,45.930534738724575,0.020727755491484076,2.800802085467184e-05
2,1,1,367,325,1,8,28,77,0.005428272640144505,0.07167237495819408,1,0,0,52.273089024481436,0.019351079713926602,7.184900391800841e-05
3,1,1,377,338,1,17,36,76,0.005494562822990073,0.0790362933948944,1,0,0,45.41016727044979,0.01631040202910255,0.00021206115408015785
4,1,0,400,372,1,2,19,,,,0,0,0,,,
5,1,1,123,83,5,34,32,118,-0.0013837421681397455,0.03596121958850332,1,0,0,48.14378002609627,0.022458020262473823,8.711107893381978e-05
6,1,0,400,303,0,23,64,,,,0,0,0,,,
7,1,1,39,14,4,13,17,83,-0.03029282608627729,0.015444763856780903,1,0,0,45.847040494795664,0.016930895250277734,0.0002778511934443335
8,1,0,400,332,2,4,67,,,,0,0,0,,,
9,1,0,400,313,1,8,81,,,,0,0,0,,,
10,1,0,400,328,2,8,59,,,,0,0,0,,,
11,1,1,2,0,1,0,0,81,-0.01464517107955797,0.06063646874778466,1,0,0,53.26890400103362,0.017814226507376248,4.923415498586355e-05
12,1,0,400,336,0,34,59,,,,0,0,0,,,
13,1,0,400,383,0,2,9,,,,0,0,0,,,
14,1,1,242,202,2,12,34,76,0.0002183394270393324,0.07441013631844387,1,0,0,46.68842526378419,0.024096338920265598,2.304608465369083e-06
15,1,0,400,349,0,2,49,,,,0,0,0,,,
16,1,1,181,140,5,9,36,78,-0.006748064915895732,0.05252139628749375,1,0,0,45.74198840914199,0.013705268174673622,0.00026116559858589683
17,1,0,400,301,1,20,92,,,,0,0,0,,,
18,1,1,121,104,4,2,13,75,-0.09542266142837312,0.0768865918397689,1,0,0,48.11420305058049,0.0412180554729141,0.00016578281232318415
19,1,1,312,279,3,3,29,74,-0.11324654594900395,0.08771758532075632,1,0,0,48.77540453442732,0.033093149052576175,0.0002706328372381814
20,1,0,400,332,0,21,46,,,,0,0,0,,,
21,1,1,145,138,3,3,3,75,-0.11357242205072196,0.0793882592996058,1,0,0,50.147659260705396,0.01986854500413509,0.00024264520489677253
22,1,1,316,261,2,3,52,74,-0.09655469137343987,0.06952887166696851,1,0,0,55.406614538655134,0.03428880229848037,2.4250245525775966e-05
23,1,0,400,354,2,5,43,,,,0,0,0,,,
24,1,1,217,181,2,23,32,77,-0.023092639787124385,0.0477580501115454,1,0,0,48.72469010406245,0.016164018900844342,9.65419920823614e-05
25,1,0,400,397,0,2,3,,,,0,0,0,,,
26,1,0,400,364,0,15,33,,,,0,0,0,,,
27,1,0,400,346,2,14,48,,,,0,0,0,,,
28,1,1,201,189,1,0,9,74,-0.10591382028666871,0.08298912530725458,1,0,0,45.82348164006526,0.03838713418733857,0.0002139670453861764
29,1,0,400,330,0,38,54,,,,0,0,0,,,
30,1,1,1,0,1,0,0,81,-0.00934318672745885,0.06265556479342571,1,0,0,47.795656764466315,0.015818329845080196,0.00012834742945513292
31,1,1,354,331,2,3,17,76,-0.10440352584978238,0.08834659520487102,1,0,0,46.02736838144952,0.04079632539267398,0.0001369681972081052
32,1,0,400,376,0,5,12,,,,0,0,0,,,
33,1,1,86,66,2,11,18,76,-0.0025532797237537742,0.06080322054000888,1,0,0,46.33862406707832,0.022272047673306927,0.0001236728717286866
34,1,0,400,319,3,8,77,,,,0,0,0,,,
35,1,0,400,309,2,11,88,,,,0,0,0,,,
36,1,0,400,372,0,12,19,,,,0,0,0,,,
37,1,0,400,398,0,0,2,,,,0,0,0,,,
38,1,0,400,337,0,13,41,,,,0,0,0,,,
39,1,1,290,240,4,24,47,74,-0.010589461805279476,0.06682780890072923,1,0,0,52.05191323469953,0.017684818366528375,4.80414517126616e-05
40,1,1,182,141,4,10,34,76,0.008401168482698451,0.0690980576734106,1,0,0,50.03923382559599,0.022781051468907867,3.423096944263974e-05
41,1,0,400,305,1,13,89,,,,0,0,0,,,
42,1,1,131,87,1,19,35,76,-0.013909619794266574,0.06331636865812829,1,0,0,53.947991279345935,0.01808297233645944,1.3591713615876534e-05
43,1,1,312,307,2,1,3,79,-0.1054471882537753,0.07926179956604057,1,0,0,47.019808890930065,0.033252017522682205,1.1885519229911649e-05
44,1,0,400,391,0,1,4,,,,0,0,0,,,
45,1,0,400,331,1,28,60,,,,0,0,0,,,
46,1,0,400,296,0,29,75,,,,0,0,0,,,
47,1,0,400,383,0,1,14,,,,0,0,0,,,
48,1,1,146,87,4,21,53,76,-0.00988495168472766,0.05363656655835854,1,0,0,46.2602798661919,0.015233682800046557,6.618545389418739e-05
49,1,0,400,329,1,20,59,,,,0,0,0,,,
50,1,0,400,284,0,27,77,,,,0,0,0,,,
51,1,0,400,306,0,23,88,,,,0,0,0,,,
52,1,0,400,367,0,0,24,,,,0,0,0,,,
53,1,1,218,181,4,1,36,74,-0.1037272318202673,0.08172004786614175,1,0,0,49.96232094465866,0.04180618761257248,0.00014808736249414395
54,1,1,307,253,2,13,49,77,0.006865411553918635,0.06265198416730586,1,0,0,47.81162911453102,0.013882261312110943,0.00014344319517484188
55,1,1,367,255,2,29,80,79,-0.0037340126548177643,0.0841235490803025,1,0,0,57.247696312754584,0.02300328539928875,0.00014320476197327014
56,1,0,400,395,0,0,5,,,,0,0,0,,,
57,1,1,311,279,2,2,30,74,-0.08279533364411165,0.09873003777768335,1,0,0,45.24142015753602,0.035725734998495476,0.00012648685334752663
58,1,1,15,6,2,5,8,83,-0.03164044760122904,0.017987161370121435,1,0,0,53.579890307898744,0.017720030649838136,0.00022251232570661816
59,1,0,400,356,0,6,41,,,,0,0,0,,,
60,1,0,400,358,1,2,40,,,,0,0,0,,,
61,1,0,400,352,0,15,47,,,,0,0,0,,,
62,0,0,0,0,0,0,0,,,,0,0,0,,,
63,1,1,201,193,1,0,7,76,-0.0838812848001791,0.06681231854199127,1,0,0,46.01445303591359,0.03898141605469673,0.00017277020502964868
64,1,0,400,253,0,30,87,,,,0,0,0,,,
65,1,0,400,385,0,2,9,,,,0,0,0,,,
66,1,1,247,181,10,36,52,120,0.008625048773222774,0.06872043628987715,1,0,0,51.55118747970924,0.017115547455453902,2.2891103907604453e-05
67,1,0,400,380,1,5,18,,,,0,0,0,,,
68,1,1,261,251,3,2,5,76,-0.0993786833014162,0.08050206713895679,1,0,0,48.94551717183991,0.03581507905983644,0.000212313765394892
69,1,0,400,323,0,12,69,,,,0,0,0,,,
70,1,0,400,376,0,12,20,,,,0,0,0,,,
71,1,0,400,386,0,5,10,,,,0,0,0,,,
72,1,0,400,398,0,2,2,,,,0,0,0,,,
73,1,1,121,75,4,21,42,83,-0.0015211086979486123,0.07539258112380151,1,0,0,53.3965375872269,0.01772866653110575,2.5314709473038002e-05
74,1,0,400,379,1,3,16,,,,0,0,0,,,
75,1,1,74,55,5,4,16,75,-0.006474452468163007,0.07767393738856092,1,0,0,54.5404407484211,0.019022714619926353,2.5507520589590396e-05
76,1,0,400,386,0,5,13,,,,0,0,0,,,
77,1,1,80,52,5,7,20,77,-0.025374828745567447,0.07039153962780888,1,0,0,48.17048042153864,0.01674752224504371,3.490751426006733e-05
78,1,1,312,289,3,1,22,77,-0.08984281322930648,0.09727075377579843,1,0,0,50.99780006303726,0.036796036146149916,0.00018311794456403463
79,1,1,62,54,1,3,7,75,-0.018880071991326897,0.06700701035704862,1,0,0,50.52479300009464,0.021596816623844377,2.243907366757816e-05
80,1,0,400,389,0,0,11,,,,0,0,0,,,
81,1,0,400,365,0,7,29,,,,0,0,0,,,
82,1,0,400,365,2,32,20,,,,0,0,0,,,
83,1,1,122,96,2,8,25,76,-0.0002650168758598914,0.06640130892329615,1,0,0,50.20438393530968,0.01668258296711641,6.53344437293375e-05
84,1,0,400,371,3,1,28,,,,0,0,0,,,
85,1,1,379,374,1,3,3,118,-0.0036906931026447973,0.052719769802419894,1,0,0,45.920455544920095,0.015976248049583565,0.0002934518576241793
86,1,0,400,397,0,0,3,,,,0,0,0,,,
87,1,1,252,229,1,2,19,74,-0.09464874874392895,0.08274399474734694,1,0,0,46.97384306325432,0.03345887787520165,0.00026862445692910075
88,1,1,75,51,3,7,20,79,-0.015304337541715708,0.04736939049781149,1,0,0,51.59332292720119,0.021487403393710056,0.0001795277249024133
89,1,0,400,383,0,2,11,,,,0,0,0,,,
90,1,1,297,240,1,22,45,75,-0.02001126336909377,0.07578469612708848,1,0,0,52.535641942495175,0.01754279762843622,0.00025257979168109845
91,1,0,400,316,3,7,82,,,,0,0,0,,,
92,1,0,400,334,4,39,30,,,,0,0,0,,,
93,1,0,400,376,0,4,19,,,,0,0,0,,,
94,1,1,367,292,2,24,65,83,0.002252901871215629,0.06479123607229287,1,0,0,45.18744487980419,0.019168483540779574,4.2975673880734324e-05
95,1,1,241,228,1,0,12,75,-0.10936351870827343,0.0691813279680515,1,0,0,46.564600567501685,0.029214220966911286,0.00016011229485919654
96,0,0,0,0,0,0,0,,,,0,0,0,,,
97,1,1,346,268,3,15,70,74,-0.09092096672621441,0.08177523228386283,1,0,0,50.05918603936522,0.044953077569417285,0.00010419820536146374
98,1,0,400,310,0,39,86,,,,0,0,0,,,
99,1,1,3,0,1,1,2,81,-0.03120114385118733,0.025544079976227728,1,0,0,48.2009694455869,0.015874641476558773,0.0001957296207701978
100,1,1,377,313,1,19,48,76,0.019032791615915,0.09633210100877404,1,0,0,46.88742094363804,0.01628733613480975,0.00024543036803033325
101,1,1,1,0,1,0,0,80,-0.022865622324857914,0.05210367798435024,1,0,0,46.01243804766638,0.013590630519788744,0.00022587627151410272
102,1,1,290,212,3,27,71,83,0.0031486682987071427,0.06741597028205913,1,0,0,55.20122422117526,0.020918017727616606,1.1034591122370714e-06
103,1,1,9,3,2,2,4,83,-0.029926292422858585,0.03070781382188664,1,0,0,54.10355217480448,0.018607330666516573,5.2893635438985315e-05
104,1,1,382,334,1,4,43,76,-0.09750542639146352,0.09370627085101396,1,0,0,48.92808940160752,0.03389858738843713,0.0003377178609538997
105,1,1,192,175,2,3,11,73,-0.09276458323748031,0.07005955389789612,1,0,0,46.401199280125105,0.03178033442074154,0.0002856823050614715
106,1,0,400,329,0,34,60,,,,0,0,0,,,
107,1,1,361,300,1,17,53,74,-0.016536481484424374,0.08027456231163564,1,0,0,57.82145738600834,0.021686676451505155,9.650008330373307e-05
108,1,0,400,380,0,5,18,,,,0,0,0,,,
109,1,0,400,390,0,2,10,,,,0,0,0,,,
110,1,0,400,305,0,15,62,,,,0,0,0,,,
111,1,0,400,365,0,29,27,,,,0,0,0,,,
112,1,1,183,143,3,23,38,80,-0.014727481492545567,0.03360475434056032,1,0,0,45.05867825949917,0.03240057679243101,0.0001305874370106687
113,1,1,217,158,5,24,47,84,-0.011781617209992407,0.04273118025965331,1,0,0,45.3791530544762,0.016990921491925073,3.349931470587885e-06
114,1,1,241,219,2,0,21,70,-0.10783667301588012,0.0815643424352087,1,0,0,45.813507355816995,0.032519013995788076,2.9964936329729794e-05
115,1,1,262,240,1,3,20,76,-0.09192069410643222,0.08341913039325058,1,0,0,48.98129955544427,0.03496017136931988,0.0002877539900852169
116,1,0,400,353,0,10,43,,,,0,0,0,,,
117,1,0,400,395,0,3,5,,,,0,0,0,,,
118,1,1,246,220,2,2,24,75,-0.10184335651012505,0.08467307524648723,1,0,0,45.60338191916164,0.0376638326394375,0.00011077149115978208
119,1,0,400,334,0,25,61,,,,0,0,0,,,
120,1,1,182,160,3,2,20,73,-0.10333457821833494,0.08298347202764694,1,0,0,46.04993757288334,0.029166909005502287,0.00024031754370845704
121,1,1,122,94,2,11,26,85,-0.014676382384483228,0.037761868143168224,1,0,0,45.24799565103619,0.01637939413396614,9.064054916982562e-06
122,1,1,80,52,7,8,20,76,0.0008892592330076825,0.07343068135657575,1,0,0,45.267407064854645,0.014810216053639467,0.0001591677596905483
123,1,1,374,304,3,12,65,74,0.0023314531828260363,0.08828550364386648,1,0,0,50.019859403604116,0.017020879882517336,4.5377941074663166e-05
124,1,0,400,389,0,0,8,,,,0,0,0,,,
125,1,1,2,1,1,0,0,77,-0.018463577652763356,0.06839357320899826,1,0,0,52.55577604775293,0.01759544659566671,5.496083434366247e-05
126,1,1,246,237,3,1,7,74,-0.10808422679715278,0.07341536414918914,1,0,0,47.206203910284984,0.02221778920813466,8.29733135828952e-05
127,1,1,247,216,1,0,30,73,-0.10379274694293633,0.07249267396552041,1,0,0,48.0336804755909,0.03473749631690792,0.00022516743052580085
128,1,1,185,120,3,32,60,77,-0.00996380290586293,0.07676836698566918,1,0,0,48.00043727396843,0.015869050216382168,2.512285609437883e-06
129,1,1,13,12,1,0,0,74,-0.09300300148070198,0.0637493836929104,1,0,0,45.22399244331543,0.040259326473774504,0.0001236434454418775
130,0,0,0,0,0,0,0,,,,0,0,0,,,
131,1,1,251,248,1,2,2,75,-0.11140049312159045,0.08700860840755267,1,0,0,50.62559214340884,0.02798805521157218,0.00022794125450407293
132,1,1,241,235,1,0,5,73,-0.10570087727218772,0.07905870939109381,1,0,0,46.502721868120545,0.03654532348844082,5.509595796337386e-05
133,1,0,400,312,0,20,65,,,,0,0,0,,,
134,1,0,400,396,0,1,3,,,,0,0,0,,,
135,1,1,201,174,2,1,26,75,-0.08090027133194931,0.08428165306092311,1,0,0,47.20898821988466,0.03933604407466979,0.00018096888361891772
136,1,1,94,61,1,15,25,79,-0.007961916542385955,0.08994494734798093,1,0,0,51.264287445348494,0.016856177747409114,0.00019131227298215675
137,1,0,400,396,0,1,2,,,,0,0,0,,,
138,1,1,181,166,4,4,9,74,-0.11174737180433544,0.0701401623518346,1,0,0,45.01275162927421,0.029368289478720503,0.00023202006179236237
139,1,1,1,0,1,0,0,85,-0.017548050870885755,0.05232655789178784,1,0,0,48.86192462420228,0.01620939883929864,0.00022188461578619622
140,1,1,127,107,2,5,15,78,-0.018277269330210455,0.045348935969907,1,0,0,48.360275374017704,0.014380893010191966,0.00018689383162503407
141,0,0,0,0,0,0,0,,,,0,0,0,,,
142,1,0,400,383,0,0,17,,,,0,0,0,,,
143,0,0,0,0,0,0,0,,,,0,0,0,,,
144,1,0,400,377,2,3,18,,,,0,0,0,,,
145,1,1,262,246,2,0,15,75,-0.0972305247681562,0.08435265522675706,1,0,0,47.397767708861046,0.040218236511464084,0.00020303225809063796
146,1,0,400,345,0,10,53,,,,0,0,0,,,
147,1,1,2,0,1,0,0,79,-0.014220341240556978,0.07304312709140459,1,0,0,48.60514299263994,0.016091571221851036,0.00027058087930986003
148,1,1,253,196,2,7,48,79,-0.023584060298949196,0.032012802130935,1,0,0,46.97695069353055,0.018669676381989624,9.180615408668221e-05
149,1,1,247,215,3,8,27,75,-0.003392446271198085,0.0692256307143434,1,0,0,49.00281889433499,0.021928956751669594,6.884070566240538e-06
150,1,0,400,289,0,44,76,,,,0,0,0,,,
151,1,1,1,0,1,0,0,81,-0.0075109628539335276,0.06546275724957053,1,0,0,47.25549016349911,0.015642435308857706,6.632779705483612e-05
152,1,1,386,321,4,13,63,81,-0.10434242494297832,0.08069386012415809,1,0,0,46.83367201628101,0.038125237289364025,0.00016958863632221544
153,1,1,361,325,2,3,34,74,-0.09956734692077876,0.09967125686664835,1,0,0,47.06453974200473,0.03524497503705792,0.0002180936740686923
154,1,0,400,311,0,16,80,,,,0,0,0,,,
155,1,1,74,62,3,5,11,75,0.0060872258480652724,0.07151749524801673,1,0,0,50.960252164187516,0.016919958410364276,3.8798415534597586e-05
156,1,1,97,71,3,10,20,78,-0.03234003242041246,0.03709258056194801,1,0,0,59.65615225228702,0.020329112938416712,0.00025366170098425553
157,1,1,4,0,1,0,0,82,-0.02816002876623832,0.017594774868436077,1,0,0,49.08232930157955,0.017620420947501186,0.0002015540727608727
158,1,0,400,301,0,22,96,,,,0,0,0,,,
159,1,0,400,396,0,0,3,,,,0,0,0,,,
160,1,1,301,282,1,1,18,74,-0.10770685180582842,0.07797253884708062,1,0,0,49.13777776674928,0.04600729743239306,0.00020344361419331186
161,1,1,73,56,1,8,15,77,-0.02125727090029776,0.04391830219931736,1,0,0,50.35788138869399,0.01830000288685074,8.339561256114212e-05
162,1,0,400,337,0,23,60,,,,0,0,0,,,
163,1,1,61,36,2,10,23,75,-0.011873648628056382,0.06612183381360608,1,0,0,46.52724320490011,0.015339474757293818,0.00014625319842584696
164,1,0,400,394,0,0,5,,,,0,0,0,,,
165,1,0,400,298,0,22,92,,,,0,0,0,,,
166,1,1,262,250,2,5,5,76,-0.11303633553828837,0.09170629423828597,1,0,0,45.27882658493187,0.03079418654832969,0.00027661770893843557
167,1,1,82,51,3,17,26,87,-0.01690574185561039,0.027429365652303236,1,0,0,46.60034384298565,0.0236592549656968,0.00011482752084958974
168,1,0,400,397,0,0,0,,,,0,0,0,,,
169,0,0,0,0,0,0,0,,,,0,0,0,,,
170,1,0,400,323,1,14,74,,,,0,0,0,,,
171,0,0,0,0,0,0,0,,,,0,0,0,,,
172,1,1,146,112,4,17,30,76,-0.011906718512368315,0.06849718617554369,1,0,0,47.68838891915109,0.015502899337411362,0.00019503749128144815
173,1,1,309,236,1,18,44,74,-0.00709729896099703,0.09716940283938855,1,0,0,47.78961005415993,0.015358987968245245,0.00022843835395521678
174,1,1,256,244,2,5,9,75,-0.02602086150053061,0.05160192520113724,1,0,0,48.8236933593676,0.01705760758774445,7.819448759881029e-05
175,1,0,400,293,0,19,86,,,,0,0,0,,,
176,1,0,400,303,0,12,84,,,,0,0,0,,,
177,1,1,289,261,1,5,22,73,-0.11387898044766195,0.08023094272929751,1,0,0,45.29545881592973,0.03288575473703441,0.00028658869875797244
178,1,1,219,197,2,8,18,71,-0.0013073884930964938,0.08235428294319422,1,0,0,45.23858024327945,0.015462264456118835,0.00020104707629783197
179,1,0,400,380,0,3,19,,,,0,0,0,,,
180,0,0,0,0,0,0,0,,,,0,0,0,,,
181,1,0,400,369,0,5,13,,,,0,0,0,,,
182,1,1,301,235,4,22,63,76,-0.006083052971824446,0.06420283407217539,1,0,0,49.87431454019332,0.018525173644744427,2.8256055544711133e-05
183,1,1,217,170,1,29,42,74,-0.016137809711475937,0.06140661708364105,1,0,0,54.11648183861286,0.022575429568775365,3.808487420055382e-05
184,1,1,302,253,1,2,47,76,-0.08850003641749436,0.10119407551339596,1,0,0,49.289225785180136,0.03407529674975199,0.0003316292654858208
185,1,0,400,362,0,0,36,,,,0,0,0,,,
186,1,1,302,269,3,2,27,75,-0.09502284248642356,0.07903939960937821,1,0,0,48.37948643685447,0.026188225641507728,0.00028982636359421027
187,1,0,400,395,0,3,4,,,,0,0,0,,,
188,1,1,85,54,1,19,28,80,-0.00804144310877504,0.05860810307484184,1,0,0,49.09831273101412,0.019653292671753995,0.0003191554092311466
189,1,0,400,278,2,29,78,,,,0,0,0,,,
190,1,0,400,342,0,7,58,,,,0,0,0,,,
191,1,1,301,277,1,0,22,74,-0.10393889494012606,0.08140183084461222,1,0,0,48.93828103632034,0.0388131120274405,0.00015968629351882646
192,1,0,400,288,0,36,61,,,,0,0,0,,,
193,1,1,122,96,3,7,25,76,-0.000998262478029699,0.05900272780298514,1,0,0,45.811532504592996,0.01524874886749597,0.00017228792502722818
