candidate_index,episode,risk_offset_x_m,risk_offset_y_m,passed,settle_max_relative_drift_m,settle_max_relative_rotation_deg,settle_max_linear_speed_m_s,settle_max_angular_speed_rad_s,settle_full_window_finite,wait_max_relative_drift_m,wait_max_relative_rotation_deg,wait_max_relative_linear_speed_m_s,wait_max_relative_angular_speed_rad_s,wait_max_world_linear_speed_m_s,wait_max_world_angular_speed_rad_s,wait_max_anchor_excess_m,wait_full_window_finite,full_window_inside,full_window_support,forbidden_target_contact,forbidden_robot_contact,occupant_pixels_t0,occupant_pixels_policy_start,max_non_occupant_state_diff
0,0,-0.005,-0.005,1,2.5586237529490637e-12,5.399738656763835e-06,3.4232547820262885e-12,6.133035346401817e-14,1,1.0597504557633194e-06,0.0003363998180014897,1.979955452994643e-05,0.000125247783408709,0.48987374266903555,0.17499437107857593,8.657733065230967e-06,1,1,1,0,0,190,174,0.0
0,1,-0.005,-0.005,1,2.5584072528486426e-12,4.353408482428141e-06,3.4228699805168233e-12,6.579859174726354e-14,1,1.0602809651878312e-06,0.00033649947854317235,1.9810002027526305e-05,0.00012523856428793665,0.4898737426690331,0.17499435757799803,8.657734144751246e-06,1,1,1,0,0,191,178,0.0
0,2,-0.005,-0.005,1,2.5582200647744244e-12,4.676310850554341e-06,3.4226134049742103e-12,6.7636511678017e-14,1,1.0612666612360666e-06,0.0003366878863015709,1.9829471845180792e-05,0.00012523218142214155,0.4898737426690822,0.1749943363452803,8.657736176293134e-06,1,1,1,0,0,187,175,0.0
0,3,-0.005,-0.005,1,2.5583570365876468e-12,5.122641877509565e-06,3.422883216249284e-12,6.671876111137216e-14,1,1.0613154400167048e-06,0.00033669871113001,1.9830437410004418e-05,0.00012524352851421596,0.48987374266908307,0.1749943354318659,8.657736277871102e-06,1,1,1,0,0,177,185,0.0
0,4,-0.005,-0.005,1,2.5585629656193373e-12,5.7905745997743736e-06,3.4231977057296766e-12,6.131599861753965e-14,1,1.0616577411790887e-06,0.0003367874615994649,1.9837218923400895e-05,0.00012523643670215076,0.48987374266907285,0.174994329400235,8.657736993726808e-06,1,1,1,0,0,182,186,0.0
0,5,-0.005,-0.005,1,2.5583819481962335e-12,5.533085616490783e-06,3.4234279360204943e-12,8.383293663549274e-14,1,1.0622308485678812e-06,0.000336923788711824,1.984859649527936e-05,0.00012523218142214155,0.48987374266910455,0.17499432085539943,8.657738205715643e-06,1,1,1,0,0,188,183,0.0
0,6,-0.005,-0.005,1,2.558293095677035e-12,6.273929367455621e-06,3.422608280577943e-12,7.831988482699291e-14,1,1.0601160070442413e-06,0.000336451818488932,1.9806751183884616e-05,0.00012523076296334015,0.4898737426690382,0.17499436162594634,8.6577338081597e-06,1,1,1,0,0,184,181,0.0
0,7,-0.005,-0.005,1,2.558175591278629e-12,5.533085616490783e-06,3.42271891396538e-12,6.825971935178046e-14,1,1.0609916108436013e-06,0.00033660993726063523,1.9824031034244458e-05,0.0001252222518731116,0.48987374266905914,0.17499434174606818,8.657735605527746e-06,1,1,1,0,0,187,192,0.0
1,0,-0.01,0.0,1,2.4646507996094864e-12,0.0,3.297489547780723e-12,1.0998930358552999e-13,1,6.130448050491482e-07,0.0007346155419525695,1.3173450580435827e-05,0.0002595527356674636,0.48987538394256586,0.17505602056240518,8.665215159970867e-06,1,1,1,0,0,200,190,0.0
1,1,-0.01,0.0,1,2.4646512651557513e-12,6.156649318399953e-06,3.297806927145964e-12,1.0596994895228206e-13,1,6.130447979600428e-07,0.0007346185187258089,1.3173450448163657e-05,0.000259553420058053,0.4898753839427704,0.17505602056300643,8.66521516065693e-06,1,1,1,0,0,202,190,0.0
1,2,-0.01,0.0,1,2.4646336913099817e-12,4.676310850554341e-06,3.297796356879849e-12,1.1520568582023966e-13,1,6.130447990424746e-07,0.0007346244722361014,1.3173450476775957e-05,0.0002595554732189938,0.48987538394271796,0.17505602056286523,8.66521516058874e-06,1,1,1,0,0,202,189,0.0
1,3,-0.01,0.0,1,2.4646284531167193e-12,0.0,3.297628445999915e-12,1.0957587801880577e-13,1,6.130448094908099e-07,0.0007346205032346008,1.317345065931282e-05,0.000259553420058053,0.4898753839425559,0.175056020562134,8.665215159699935e-06,1,1,1,0,0,194,194,0.0
1,4,-0.01,0.0,1,2.4646694242296246e-12,0.0,3.297958901805132e-12,1.1462936518535615e-13,1,6.130448045312838e-07,0.000734619510980875,1.317345058752783e-05,0.000259553420058053,0.48987538394253977,0.1750560205624929,8.66521516006975e-06,1,1,1,0,0,195,193,0.0
1,5,-0.01,0.0,1,2.4647276765081122e-12,5.533085616490783e-06,3.2978013954019485e-12,1.0573167355232945e-13,1,6.130448024166967e-07,0.0007346234799877364,1.3173450516496297e-05,0.0002595554732189938,0.4898753839428035,0.1750560205624066,8.665215160391834e-06,1,1,1,0,0,196,187,0.0
1,6,-0.01,0.0,1,2.4644981785153407e-12,1.2074182697257333e-06,3.2980352525423837e-12,1.1508939948460312e-13,1,6.130448061377613e-07,0.0007346224877380315,1.3173450614521902e-05,0.0002595554732189938,0.48987538394254265,0.1750560205624127,8.665215159870871e-06,1,1,1,0,0,186,188,0.0
1,7,-0.01,0.0,1,2.464707741262772e-12,4.9783130603797145e-06,3.2977979621037465e-12,1.0638128289590735e-13,1,6.130448053010531e-07,0.0007346224877380315,1.3173450562903824e-05,0.000259553762252671,0.4898753839427954,0.175056020562115,8.665215160088803e-06,1,1,1,0,0,200,204,0.0
2,0,-0.005,-0.01,1,3.4204037061948287e-12,3.1945284701301985e-06,4.569848850083474e-12,6.825956574010652e-14,1,0.00031841903445509076,0.03303974898370057,0.006368875364317026,0.01153461970629274,0.4898739525098774,0.17343174722411905,9.602922954311255e-06,1,1,1,0,0,181,172,0.0
2,1,-0.005,-0.01,1,3.4197793267939066e-12,6.037091348628669e-06,4.570683992860081e-12,8.453304112681615e-14,1,0.0003184190246688844,0.03303977166363219,0.006368875168350242,0.011534627629703776,0.4898739525098162,0.17343173225794387,9.602926968442647e-06,1,1,1,0,0,186,173,0.0
2,2,-0.005,-0.01,1,3.421018598896213e-12,4.517745487845103e-06,4.569945901601887e-12,7.822329350321706e-14,1,0.00031841904127948066,0.03303973320922534,0.00636887550096635,0.011534614208412498,0.48987395250988547,0.17343175777996978,9.602920144361027e-06,1,1,1,0,0,184,177,0.0
2,3,-0.005,-0.01,1,3.4209198461164543e-12,2.6998693283819165e-06,4.5699531766309915e-12,7.816553734807167e-14,1,0.0003184190523304854,0.033039707859738164,0.006368875722248531,0.011534605353277747,0.48987395250990007,0.17343177472135818,9.602915608534575e-06,1,1,1,0,0,177,189,0.0
2,4,-0.005,-0.01,1,3.4220027367034264e-12,4.182619578303746e-06,4.5697264475345855e-12,6.861816736191503e-14,1,0.0003184190422451024,0.03303973128981315,0.0063688755203017535,0.011534613546202657,0.48987395250989035,0.1734317591089211,9.602919760276802e-06,1,1,1,0,0,185,197,0.0
2,5,-0.005,-0.01,1,3.422111192571004e-12,4.353408482428141e-06,4.5697770365811335e-12,6.77334531472689e-14,1,0.00031841903285197354,0.03303975266808742,0.006368875332218462,0.011534621023011572,0.4898739525098859,0.17343174476799447,9.602923613069673e-06,1,1,1,0,0,193,188,0.0
2,6,-0.005,-0.01,1,3.422166942273397e-12,4.676310850554341e-06,4.5699533355341086e-12,7.145407455143437e-14,1,0.00031841902257461385,0.033039776208441514,0.0063688751264223695,0.011534629200525143,0.4898739525098326,0.1734317290575258,9.602927828384783e-06,1,1,1,0,0,190,179,0.0
2,7,-0.005,-0.01,1,3.421230090904223e-12,2.6998693283819165e-06,4.569975423533543e-12,7.818909851885198e-14,1,0.0003184190419403406,0.03303973188549281,0.0063688755141975886,0.01153461373870552,0.48987395250987487,0.17343175872558464,9.602919878020587e-06,1,1,1,0,0,179,191,0.0
3,0,-0.005,0.0,1,1.7482589077572485e-12,4.182619578303746e-06,2.3463094862821183e-12,6.215475843586941e-14,1,2.498160425546479e-06,0.001967064835918621,5.008960140301312e-05,0.0006981891015716343,0.4898745013561334,0.1771871372474062,8.665967187001886e-06,1,1,1,0,0,191,180,0.0
3,1,-0.005,0.0,1,1.7481853296823849e-12,3.6222548091772e-06,2.3468681217546306e-12,5.2934391746457845e-14,1,2.4981604253722646e-06,0.001967065947619496,5.0089601401788105e-05,0.0006981897376299839,0.4898745013561359,0.17718713724747226,8.66596718698002e-06,1,1,1,0,0,194,181,0.0
3,2,-0.005,0.0,1,1.7568359467525615e-12,3.6222548091772e-06,2.346149692288848e-12,5.36882541560694e-14,1,2.4981604257296892e-06,0.001967064465351523,5.008960140064355e-05,0.0006981889743598948,0.48987450135611704,0.1771871372475904,8.665967187049382e-06,1,1,1,0,0,195,179,0.0
3,3,-0.005,0.0,1,1.7569593110025056e-12,4.829673078902935e-06,2.34614768992641e-12,5.3271135918167294e-14,1,2.498160424982221e-06,0.001967064835918621,5.008960140161752e-05,0.0006981889743598948,0.48987450135614485,0.177187137247565,8.665967187086325e-06,1,1,1,0,0,186,188,0.0
3,4,-0.005,0.0,1,1.7482159369862916e-12,4.676310850554341e-06,2.345986452519957e-12,5.798069925949584e-14,1,2.498160425200822e-06,0.0019670663181863145,5.0089601400648365e-05,0.0006981896104183604,0.48987450135619803,0.17718713724761334,8.665967187065959e-06,1,1,1,0,0,189,184,0.0
3,5,-0.005,0.0,1,1.7482045699497513e-12,3.6222548091772e-06,2.3466383257901805e-12,5.408665852761539e-14,1,2.4981604250003502e-06,0.0019670678004528918,5.008960140167527e-05,0.0006981905008992385,0.48987450135613636,0.17718713724765928,8.665967187055455e-06,1,1,1,0,0,189,176,0.0
3,6,-0.005,0.0,1,1.7481945366474472e-12,6.830189170012755e-06,2.34690716509666e-12,6.382997023135526e-14,1,2.498160425524599e-06,0.001967065577052607,5.008960140156375e-05,0.0006981899920531615,0.489874501356109,0.1771871372475971,8.665967186968279e-06,1,1,1,0,0,178,174,0.0
3,7,-0.005,0.0,1,1.7570045034564647e-12,3.1945284701301985e-06,2.3461403705528025e-12,5.0683619688977215e-14,1,2.4981604260839476e-06,0.001967065577052607,5.0089601398312736e-05,0.0006981899920531615,0.4898745013560776,0.17718713724767285,8.665967187008476e-06,1,1,1,0,0,190,201,0.0
4,0,0.0,-0.005,1,2.3670247275499414e-12,0.0,3.167616516227634e-12,6.532824853885442e-14,1,0.00011573406082775791,0.08514512642334421,0.002317241288285344,0.029711616581746314,0.48987451618352734,0.2663104697873292,8.588294246187608e-06,1,1,1,0,0,180,164,0.0
4,1,0.0,-0.005,1,2.367035551202819e-12,0.0,3.167634181137199e-12,6.121974825385593e-14,1,0.00011573405668639352,0.08514511145866809,0.0023172412052552124,0.02971161135340487,0.48987451618358785,0.2663104527725111,8.588295388422225e-06,1,1,1,0,0,182,169,0.0
4,2,0.0,-0.005,1,2.3670255898321773e-12,0.0,3.1676253350990328e-12,6.501917311271795e-14,1,0.00011573405514308523,0.08514510564572968,0.0023172411743145314,0.029711609314680282,0.48987451618362365,0.26631044619834937,8.588295827521958e-06,1,1,1,0,0,181,166,0.0
4,3,0.0,-0.005,1,2.367024875685422e-12,0.0,3.1676184731798784e-12,6.524629464879469e-14,1,0.00011573405767220231,0.08514511476322495,0.002317241225022485,0.029711612504297717,0.48987451618357897,0.26631045659826286,8.588295127903042e-06,1,1,1,0,0,173,178,0.0
4,4,0.0,-0.005,1,2.367028209585805e-12,0.0,3.167871099380332e-12,6.846957053040315e-14,1,0.00011573406056460743,0.08514512536177687,0.0023172412830104396,0.029711616214058524,0.4898745161834931,0.26631046870207353,8.588294318937941e-06,1,1,1,0,0,173,177,0.0
4,5,0.0,-0.005,1,2.3670243834690154e-12,0.0,3.1676248648706097e-12,6.533698450611058e-14,1,0.00011573406184280961,0.08514513013026873,0.002317241308637772,0.029711617882105544,0.48987451618346484,0.2663104740879633,8.588293958015701e-06,1,1,1,0,0,176,171,0.0
4,6,0.0,-0.005,1,2.3670235536305973e-12,0.0,3.1676198907549833e-12,6.491546679397863e-14,1,0.00011573406020703151,0.08514512414611106,0.0023172412758442735,0.029711615783594766,0.4898745161835355,0.26631046730772856,8.588294413048738e-06,1,1,1,0,0,174,175,0.0
4,7,0.0,-0.005,1,2.367027430621668e-12,0.0,3.167623819801702e-12,6.526375563121795e-14,1,0.00011573406263363335,0.08514513296396842,0.002317241324494999,0.029711618865595583,0.4898745161834664,0.2663104772837837,8.588293742946221e-06,1,1,1,0,0,178,188,0.0
