candidate_index,episode,risk_offset_x_m,risk_offset_y_m,safe_candidate_index,safe_offset_x_m,safe_offset_y_m,passed,native_success,occupant_max_relative_drift_m,occupant_max_relative_rotation_deg,target_min_occupant_clearance_m,target_max_tilt_deg,target_max_linear_speed_m_s,target_max_angular_speed_rad_s,target_full_window_inside,target_full_window_support,target_full_window_finite,target_final_stable_streak
0,0,-0.005,-0.005,0,0.038891,0.038891,0,1,0.019867648797704453,9.884846269216245,0.06653216077430803,90.00081462970572,1.029343555621113e-11,1.566598825787644e-13,1,1,1,0
0,1,-0.005,-0.005,0,0.038891,0.038891,0,1,0.01986764879769892,9.88484626921528,0.06653216077434336,90.00081462970574,1.0293693137698568e-11,1.5708235421533668e-13,1,1,1,0
0,2,-0.005,-0.005,0,0.038891,0.038891,0,1,0.01986764879769408,9.884846269195789,0.06653216077431272,90.00081462970573,1.0294154907761428e-11,1.6144065148254766e-13,1,1,1,0
0,3,-0.005,-0.005,0,0.038891,0.038891,0,1,0.019867648797677277,9.88484626919342,0.06653216077440594,90.0008146297058,1.0294365627612973e-11,1.62403718587464e-13,1,1,1,0
0,4,-0.005,-0.005,0,0.038891,0.038891,0,1,0.01986764879770847,9.88484626920965,0.0665321607741435,90.00081462970572,1.0294263041125675e-11,1.6510748369073519e-13,1,1,1,0
0,5,-0.005,-0.005,0,0.038891,0.038891,0,1,0.01986764879769905,9.8848462692055,0.06653216077423513,90.00081462970577,1.0294030174477225e-11,1.5721649233907893e-13,1,1,1,0
0,6,-0.005,-0.005,0,0.038891,0.038891,0,1,0.019867648797706087,9.88484626921202,0.06653216077432364,90.0008146297057,1.0293666625679317e-11,1.6367305589214098e-13,1,1,1,0
0,7,-0.005,-0.005,0,0.038891,0.038891,0,1,0.019867648797720284,9.884846269214838,0.06653216077417902,90.00081462970577,1.0294964299364542e-11,1.7073165281206233e-13,1,1,1,0
0,0,-0.005,-0.005,1,0.055,0.0,0,1,0.027182419460565946,18.883615035048244,0.05249324279141364,90.00093354146124,9.693779219901231e-08,1.6033327946533996e-06,1,1,1,0
0,1,-0.005,-0.005,1,0.055,0.0,0,1,0.027182419460571,18.883614954622242,0.05249325113697885,90.00093354189039,9.693781885030411e-08,1.6033321249432909e-06,1,1,1,0
0,2,-0.005,-0.005,1,0.055,0.0,0,1,0.027182419460567216,18.883615149486385,0.052493254257959567,90.00093354106578,9.693772936326028e-08,1.603330650931027e-06,1,1,1,0
0,3,-0.005,-0.005,1,0.055,0.0,0,1,0.02718241946056717,18.883615026228135,0.052493253669505135,90.00093354229813,9.693782914820072e-08,1.6033321539167986e-06,1,1,1,0
0,4,-0.005,-0.005,1,0.055,0.0,0,1,0.027182419460564985,18.883615070367135,0.052493248960585444,90.00093354138056,9.693778028183878e-08,1.6033318112949435e-06,1,1,1,0
0,5,-0.005,-0.005,1,0.055,0.0,0,1,0.027182419460567906,18.88361505989948,0.052493238108147156,90.00093354204103,9.693782770910836e-08,1.6033337945593324e-06,1,1,1,0
0,6,-0.005,-0.005,1,0.055,0.0,0,1,0.02718241946056504,18.883614993691882,0.0524932659420729,90.00093354523186,9.693797551369766e-08,1.6033322804509218e-06,1,1,1,0
0,7,-0.005,-0.005,1,0.055,0.0,0,1,0.027182419460568544,18.883615082259823,0.05249325443997066,90.00093354160772,9.693778831479908e-08,1.603331659392752e-06,1,1,1,0
0,0,-0.005,-0.005,2,0.0,0.055,0,0,0.032861939344715624,19.80855539684828,0.08334643200917294,89.88997932851478,8.185111041396096e-07,2.7049312524819488e-05,1,1,1,0
0,1,-0.005,-0.005,2,0.0,0.055,0,0,0.032861939344690214,19.808555396865664,0.08334644239852032,89.88995599979587,8.185101910742569e-07,2.7049253135351105e-05,1,1,1,0
0,2,-0.005,-0.005,2,0.0,0.055,0,0,0.032861939344622865,19.80855539691312,0.08334643975708084,89.88994878677502,8.185107093287548e-07,2.7049286535546414e-05,1,1,1,0
0,3,-0.005,-0.005,2,0.0,0.055,0,0,0.032861939344676516,19.808555396895997,0.08334644343791035,89.88995702111502,8.185100758548183e-07,2.704924547944528e-05,1,1,1,0
0,4,-0.005,-0.005,2,0.0,0.055,0,0,0.03286193934461406,19.808555396924568,0.08334643619176127,89.88995966070287,8.185107418574485e-07,2.7049288979966165e-05,1,1,1,0
0,5,-0.005,-0.005,2,0.0,0.055,0,0,0.03286193934466502,19.808555396888078,0.08334643167469598,89.88995901639282,8.18511268405289e-07,2.704932375661437e-05,1,1,1,0
0,6,-0.005,-0.005,2,0.0,0.055,0,0,0.032861939344575215,19.80855539694304,0.08334643658927889,89.88996794323631,8.185107604921742e-07,2.7049289230494706e-05,1,1,1,0
0,7,-0.005,-0.005,2,0.0,0.055,0,0,0.03286193934468082,19.808555396866712,0.08334640987676092,89.88994015859973,8.185146067816107e-07,2.7049540581035662e-05,1,1,1,0
0,0,-0.005,-0.005,3,0.038891,-0.038891,0,1,0.0408208246028589,18.008043778807338,0.06674444546384652,90.00036511166425,1.1136912474941157e-11,1.1201490043127661e-13,1,1,1,0
0,1,-0.005,-0.005,3,0.038891,-0.038891,0,1,0.040820824602852454,18.008043778820138,0.06674444546834252,90.00036511166407,1.1137096838810061e-11,1.08095351476383e-13,1,1,1,0
0,2,-0.005,-0.005,3,0.038891,-0.038891,0,1,0.040820824602856055,18.0080437788159,0.0667444454652816,90.00036511166418,1.1136771723722355e-11,1.0731574488824732e-13,1,1,1,0
0,3,-0.005,-0.005,3,0.038891,-0.038891,0,1,0.04082082460285885,18.00804377881384,0.06674444546556928,90.00036511166414,1.1136232487814624e-11,1.0614760160045138e-13,1,1,1,0
0,4,-0.005,-0.005,3,0.038891,-0.038891,0,1,0.04082082460284656,18.008043778791084,0.06674444546219442,90.00036511166427,1.1136141735133744e-11,9.915926456773525e-14,1,1,1,0
0,5,-0.005,-0.005,3,0.038891,-0.038891,0,1,0.04082082460286939,18.008043778822607,0.06674444546519588,90.00036511166412,1.1137465561847325e-11,1.0603740782150663e-13,1,1,1,0
0,6,-0.005,-0.005,3,0.038891,-0.038891,0,1,0.04082082460284994,18.00804377879364,0.06674444546233613,90.00036511166427,1.1136257454961308e-11,1.0120490054691368e-13,1,1,1,0
0,7,-0.005,-0.005,3,0.038891,-0.038891,0,1,0.0408208246028384,18.008043778794498,0.06674444546405761,90.00036511166422,1.1135886964669551e-11,1.0073160286466595e-13,1,1,1,0
0,0,-0.005,-0.005,4,-0.038891,0.038891,0,0,0.014080843996274118,6.828379908545809,0.06460066543598493,82.73556528168575,1.856992619172446e-06,1.742439618562716e-05,1,1,1,0
0,1,-0.005,-0.005,4,-0.038891,0.038891,0,0,0.014080843996267292,6.828379908549019,0.06460066619542508,82.73556722508056,1.8570014779772246e-06,1.7424566754240965e-05,1,1,1,0
0,2,-0.005,-0.005,4,-0.038891,0.038891,0,0,0.01408084399625893,6.828379908538318,0.06460067376739069,82.73556109813396,1.8569775601399683e-06,1.751011241600262e-05,1,1,1,0
0,3,-0.005,-0.005,4,-0.038891,0.038891,0,0,0.0140808439962417,6.828379908536713,0.06460066717989957,82.73556369386117,1.857033649098501e-06,1.7425187597770953e-05,1,1,1,0
0,4,-0.005,-0.005,4,-0.038891,0.038891,0,0,0.014080843996276569,6.828379908546344,0.06460066654462972,82.735567129927,1.8569576240055802e-06,1.7423724402598435e-05,1,1,1,0
0,5,-0.005,-0.005,4,-0.038891,0.038891,0,0,0.014080843996264596,6.828379908545916,0.06460066839665896,82.73556418644117,1.8570296279313305e-06,1.7425110733040606e-05,1,1,1,0
0,6,-0.005,-0.005,4,-0.038891,0.038891,0,0,0.014080843996275487,6.828379908546344,0.06460067498027723,82.73555800870744,1.8570404193215891e-06,1.7425318868935535e-05,1,1,1,0
0,7,-0.005,-0.005,4,-0.038891,0.038891,0,0,0.014080843996287225,6.82837990855255,0.06460066849785151,82.73556597219232,1.8568612472939663e-06,1.7421866554719502e-05,1,1,1,0
0,0,-0.005,-0.005,5,0.0,-0.055,0,1,0.042747459546427224,22.927790941784533,0.05438876492470216,89.99979878230216,1.0362884002813045e-11,1.448905230597446e-13,1,1,1,0
0,1,-0.005,-0.005,5,0.0,-0.055,0,1,0.042747459546359744,22.92779094173555,0.054388764918695084,89.99979878230184,1.0362895640046238e-11,1.4376927468463188e-13,1,1,1,0
0,2,-0.005,-0.005,5,0.0,-0.055,0,1,0.042747459546406935,22.927790941770432,0.054388764921173886,89.99979878230204,1.0362998035080575e-11,1.461085381986821e-13,1,1,1,0
0,3,-0.005,-0.005,5,0.0,-0.055,0,1,0.04274745954650772,22.927790941836168,0.05438876492852884,89.99979878230252,1.0363794510785913e-11,1.5022633759855305e-13,1,1,1,0
0,4,-0.005,-0.005,5,0.0,-0.055,0,1,0.04274745954635078,22.92779094174166,0.05438876492000984,89.99979878230185,1.0363459155055631e-11,1.5246167143838795e-13,1,1,1,0
0,5,-0.005,-0.005,5,0.0,-0.055,0,1,0.042747459546395306,22.927790941757397,0.054388764922070815,89.99979878230202,1.0362896303229347e-11,1.5295207216290892e-13,1,1,1,0
0,6,-0.005,-0.005,5,0.0,-0.055,0,1,0.04274745954637533,22.92779094175306,0.054388764920882585,89.99979878230197,1.0363079797791513e-11,1.5448153528351052e-13,1,1,1,0
0,7,-0.005,-0.005,5,0.0,-0.055,0,1,0.04274745954636524,22.927790941728105,0.05438876492082702,89.99979878230188,1.0363601029682798e-11,1.687118127365557e-13,1,1,1,0
0,0,-0.005,-0.005,6,-0.055,0.0,0,1,0.03349997806507799,18.54992682382751,0.050539718400020854,89.99899499796115,9.614872558064636e-08,1.8079196244449326e-06,1,1,1,0
0,1,-0.005,-0.005,6,-0.055,0.0,0,1,0.03349997806508028,18.549926823811994,0.05053974183280738,89.99899499824326,9.614860081063469e-08,1.8079151957728986e-06,1,1,1,0
0,2,-0.005,-0.005,6,-0.055,0.0,0,1,0.033499978065084854,18.54992682382275,0.05053976852462808,89.99899499451445,9.614870847778375e-08,1.8079116451329732e-06,1,1,1,0
0,3,-0.005,-0.005,6,-0.055,0.0,0,1,0.03349997806507358,18.54992682382095,0.050539763269396035,89.9989949988016,9.614855450066946e-08,1.8079133113902124e-06,1,1,1,0
0,4,-0.005,-0.005,6,-0.055,0.0,0,1,0.033499978065074834,18.54992682382455,0.05053445029027958,89.99899464188752,9.618127375472154e-08,1.8088346808394492e-06,1,1,1,0
0,5,-0.005,-0.005,6,-0.055,0.0,0,1,0.03349997806507569,18.549926823804515,0.05053977265565709,89.99899499865488,9.614855055403352e-08,1.8079120660293235e-06,1,1,1,0
0,6,-0.005,-0.005,6,-0.055,0.0,0,1,0.033499978065082855,18.549926823807436,0.05053453095124135,89.9989946530298,9.618030702731777e-08,1.8088119764187887e-06,1,1,1,0
0,7,-0.005,-0.005,6,-0.055,0.0,0,1,0.03349997806507727,18.549926823807315,0.050539728214893206,89.99899499831669,9.614863346210072e-08,1.8079166062658834e-06,1,1,1,0
0,0,-0.005,-0.005,7,-0.038891,-0.038891,0,0,3.103235295483311,169.50464810460656,3.777232123657535,89.99999765164887,1.255414754043287e-15,4.319573713550568e-14,0,0,1,0
0,1,-0.005,-0.005,7,-0.038891,-0.038891,0,0,3.1032352954711455,169.50464810555204,3.6228220946603185,179.99916174557268,5.380041101465512e-16,4.400882984786092e-15,0,0,1,0
0,2,-0.005,-0.005,7,-0.038891,-0.038891,0,0,3.1032352954877385,169.50464810414132,3.6693616292217635,89.9999976516488,1.6143778468804931e-15,5.849508980526247e-14,0,0,1,0
0,3,-0.005,-0.005,7,-0.038891,-0.038891,0,0,3.103235295500598,169.50464810286218,3.6878774164999455,89.999997651649,1.2544173867838242e-15,4.319984497917562e-14,0,0,1,0
0,4,-0.005,-0.005,7,-0.038891,-0.038891,0,0,3.1032352954910567,169.50464810388956,3.7083890097573806,89.9999976516489,1.2960850957288984e-15,4.4113117014030334e-14,0,0,1,0
0,5,-0.005,-0.005,7,-0.038891,-0.038891,0,0,3.1032352954792293,169.5046481047938,3.8016704535182946,89.99999765164885,1.1564144254666199e-15,3.755433795627281e-14,0,0,1,0
0,6,-0.005,-0.005,7,-0.038891,-0.038891,0,0,3.1032352954868645,169.50464810413672,3.650299886012733,179.9991617560077,7.302446147588785e-16,4.56505871559553e-15,0,0,1,0
0,7,-0.005,-0.005,7,-0.038891,-0.038891,0,0,3.103235295480205,169.50464810481483,3.723019981364257,89.99999765164887,1.8170937255149386e-15,6.50646027077892e-14,0,0,1,0
1,0,-0.01,0.0,0,0.038891,0.038891,0,1,0.02301414803567238,15.150233412625157,0.058436929666731474,90.00084260128628,1.3061277332478108e-11,1.1522224832071769e-13,1,1,1,0
1,1,-0.01,0.0,0,0.038891,0.038891,0,1,0.023014148035681827,15.150233412638983,0.05843692966659032,90.00084260128622,1.3061215878527843e-11,1.1527281550176628e-13,1,1,1,0
1,2,-0.01,0.0,0,0.038891,0.038891,0,1,0.02301414803569253,15.150233412650229,0.05843692966690283,90.0008426012863,1.3059256532412173e-11,1.1264442884271918e-13,1,1,1,0
1,3,-0.01,0.0,0,0.038891,0.038891,0,1,0.023014148035686514,15.150233412638492,0.05843692966685248,90.0008426012862,1.3061626889278799e-11,1.1681001324840415e-13,1,1,1,0
1,4,-0.01,0.0,0,0.038891,0.038891,0,1,0.023014148035672526,15.15023341262988,0.05843692966672846,90.00084260128631,1.3060205700953769e-11,1.139327599506241e-13,1,1,1,0
1,5,-0.01,0.0,0,0.038891,0.038891,0,1,0.02301414803568471,15.150233412643944,0.05843692966665842,90.00084260128634,1.3060651074709546e-11,1.164139446273003e-13,1,1,1,0
1,6,-0.01,0.0,0,0.038891,0.038891,0,1,0.023014148035682434,15.150233412633824,0.05843692966664058,90.0008426012863,1.3060269493972849e-11,1.126016418350444e-13,1,1,1,0
1,7,-0.01,0.0,0,0.038891,0.038891,0,1,0.02301414803570425,15.150233412662198,0.058436929666789914,90.00084260128618,1.3062532448363208e-11,1.211357485510073e-13,1,1,1,0
1,0,-0.01,0.0,1,0.055,0.0,0,1,0.024131152821802653,15.72715258266942,0.04628921387641822,90.00069097057737,8.297061281430548e-12,1.682857153220333e-13,1,1,1,0
1,1,-0.01,0.0,1,0.055,0.0,0,1,0.024131152821802216,15.727152582666607,0.04628921387581152,90.00069097057735,8.298371944838867e-12,1.8269832733181645e-13,1,1,1,0
1,2,-0.01,0.0,1,0.055,0.0,0,1,0.024131152821800273,15.727152582653323,0.04628921387165832,90.00069097057761,8.297902125598979e-12,1.7918144197329066e-13,1,1,1,0
1,3,-0.01,0.0,1,0.055,0.0,0,1,0.024131152821799215,15.727152582646426,0.04628921386956107,90.00069097057771,8.29709790806397e-12,1.6841639539042776e-13,1,1,1,0
1,4,-0.01,0.0,1,0.055,0.0,0,1,0.024131152821799902,15.727152582651915,0.04628921387171489,90.00069097057764,8.297794015823924e-12,1.7458765152971527e-13,1,1,1,0
1,5,-0.01,0.0,1,0.055,0.0,0,1,0.02413115282179969,15.727152582647644,0.04628921387010256,90.00069097057768,8.296583531692876e-12,1.6392861707711746e-13,1,1,1,0
1,6,-0.01,0.0,1,0.055,0.0,0,1,0.024131152821802834,15.727152582671017,0.04628921387716723,90.00069097057737,8.29668516274372e-12,1.6246691938223057e-13,1,1,1,0
1,7,-0.01,0.0,1,0.055,0.0,0,1,0.024131152821801713,15.727152582661772,0.046289213874813016,90.00069097057748,8.296707636220492e-12,1.6256725177595636e-13,1,1,1,0
1,0,-0.01,0.0,2,0.0,0.055,0,0,0.03568638312918923,22.244227548909723,0.0842485936907206,90.24968925723127,6.715738511030782e-08,9.212640902268222e-07,1,1,1,0
1,1,-0.01,0.0,2,0.0,0.055,0,0,0.03568638312918829,22.244227548923636,0.0842485936906912,90.24968925729054,6.715738074166586e-08,9.212640565518373e-07,1,1,1,0
1,2,-0.01,0.0,2,0.0,0.055,0,0,0.03568638312918854,22.244227548911503,0.08424859369071856,90.24968925723763,6.715738418931945e-08,9.212640702705654e-07,1,1,1,0
1,3,-0.01,0.0,2,0.0,0.055,0,0,0.03568638312919315,22.244227548916477,0.08424859369071831,90.24968925725175,6.715738627562265e-08,9.212641212261716e-07,1,1,1,0
1,4,-0.01,0.0,2,0.0,0.055,0,0,0.035686383129190126,22.244227548909556,0.08424859369072434,90.24968925721842,6.715738358559151e-08,9.21264053015851e-07,1,1,1,0
1,5,-0.01,0.0,2,0.0,0.055,0,0,0.03568638312919422,22.244227548902597,0.08424859369073977,90.24968925720027,6.715738509542263e-08,9.212640557176385e-07,1,1,1,0
1,6,-0.01,0.0,2,0.0,0.055,0,0,0.03568638312919336,22.244227548919707,0.08424859369070786,90.24968925726452,6.715738104544717e-08,9.212640451276762e-07,1,1,1,0
1,7,-0.01,0.0,2,0.0,0.055,0,0,0.03568638312919351,22.244227548896852,0.08424859369074751,90.24968925717158,6.71573859060776e-08,9.212640406279619e-07,1,1,1,0
1,0,-0.01,0.0,3,0.038891,-0.038891,0,1,0.024064629257707373,15.120946458196526,0.05044596060467492,90.00077737641008,1.2277066136629575e-11,1.77721868723214e-13,1,1,1,0
1,1,-0.01,0.0,3,0.038891,-0.038891,0,1,0.024064629257697482,15.120946458210275,0.05044596060432127,90.00077737641007,1.227609326225364e-11,1.662793768597173e-13,1,1,1,0
1,2,-0.01,0.0,3,0.038891,-0.038891,0,1,0.024064629257750644,15.12094645821959,0.050445960605606466,90.00077737641007,1.2275544264456489e-11,1.5924592101209343e-13,1,1,1,0
1,3,-0.01,0.0,3,0.038891,-0.038891,0,1,0.024064629257797707,15.120946458222711,0.050445960606828856,90.00077737641008,1.2276418488902232e-11,1.7053442321812776e-13,1,1,1,0
1,4,-0.01,0.0,3,0.038891,-0.038891,0,1,0.02406462925776543,15.120946458236174,0.05044596060578276,90.00077737641008,1.2276884178982174e-11,1.7552538642037324e-13,1,1,1,0
1,5,-0.01,0.0,3,0.038891,-0.038891,0,1,0.024064629257764546,15.120946458218471,0.050445960606016235,90.00077737641008,1.227794118066912e-11,1.8922441899670778e-13,1,1,1,0
1,6,-0.01,0.0,3,0.038891,-0.038891,0,1,0.024064629257713768,15.120946458192671,0.05044596060491061,90.00077737641007,1.2275870395485451e-11,1.6360278666923606e-13,1,1,1,0
1,7,-0.01,0.0,3,0.038891,-0.038891,0,1,0.024064629257738127,15.120946458202864,0.05044596060546736,90.00077737641004,1.2276814198551999e-11,1.7455611743135876e-13,1,1,1,0
1,0,-0.01,0.0,4,-0.038891,0.038891,0,0,0.08779691870850223,85.91583678761266,0.5293285349830145,89.99999765164895,7.910892246611102e-16,2.5389117328243736e-14,0,0,1,0
1,1,-0.01,0.0,4,-0.038891,0.038891,0,0,0.08779691870850229,85.91583678756496,0.5293285349829082,89.99999765164887,1.1101803487414351e-15,3.7128769309639116e-14,0,0,1,0
1,2,-0.01,0.0,4,-0.038891,0.038891,0,0,0.08779691870864714,85.91583678776297,0.5293285349836181,89.99999765164885,8.079343512701617e-16,2.511135139901012e-14,0,0,1,0
1,3,-0.01,0.0,4,-0.038891,0.038891,0,0,0.087796918709255,85.91583678828698,0.5293285349858873,89.99999765164894,1.1111454453008518e-15,3.697190946845189e-14,0,0,1,0
1,4,-0.01,0.0,4,-0.038891,0.038891,0,0,0.08779691870882163,85.91583678781753,0.5293285349834845,89.99999765164898,9.463254990292155e-16,3.096822810659164e-14,0,0,1,0
1,5,-0.01,0.0,4,-0.038891,0.038891,0,0,0.08779691870903579,85.91583678808956,0.5293285349847067,89.99999765164894,8.77826287944135e-16,3.1052039419351954e-14,0,0,1,0
1,6,-0.01,0.0,4,-0.038891,0.038891,0,0,0.08779691870881412,85.91583678784635,0.5293285349838427,89.999997651649,1.0152751533628563e-15,3.127313703229003e-14,0,0,1,0
1,7,-0.01,0.0,4,-0.038891,0.038891,0,0,0.08779691870858042,85.91583678769221,0.5293285349832453,89.99999765164894,1.0154713008091203e-15,3.120277196352241e-14,0,0,1,0
1,0,-0.01,0.0,5,0.0,-0.055,0,0,0.02856038812216309,17.206097197761505,0.07832182832532891,89.08593261148515,1.1639786238320244e-06,8.804868068163472e-05,1,1,1,0
1,1,-0.01,0.0,5,0.0,-0.055,0,0,0.028560388122146892,17.206097197766965,0.07832177607085403,89.08645525785518,1.691460290000616e-06,6.493975732047994e-05,1,1,1,0
1,2,-0.01,0.0,5,0.0,-0.055,0,0,0.02856038812215481,17.206097197769722,0.07832182134542427,89.086132874419,6.532781765496262e-07,1.8264265952300963e-05,1,1,1,0
1,3,-0.01,0.0,5,0.0,-0.055,0,0,0.028560388122169728,17.206097197757767,0.07832185031256998,89.08641509774708,1.0245515121008844e-06,3.0523172495024116e-05,1,1,1,0
1,4,-0.01,0.0,5,0.0,-0.055,0,0,0.02856038812212585,17.20609719777927,0.07832183005185812,89.08621323972777,6.568615758515965e-07,2.913453293104763e-05,1,1,1,0
1,5,-0.01,0.0,5,0.0,-0.055,0,0,0.02856038812216707,17.20609719776245,0.07832183634887328,89.08567608156264,1.1577557040642932e-06,3.1970141938552614e-05,1,1,1,0
1,6,-0.01,0.0,5,0.0,-0.055,0,0,0.028560388122131988,17.20609719777462,0.07832181329902814,89.08567108769195,6.959378600390919e-07,3.03674983832103e-05,1,1,1,0
1,7,-0.01,0.0,5,0.0,-0.055,0,0,0.028560388122144148,17.20609719776757,0.07850498608814334,89.086756148542,4.063627585446027e-07,9.070315349302787e-06,1,1,1,0
1,0,-0.01,0.0,6,-0.055,0.0,0,1,0.03886931528964113,19.168024498429443,0.047830005140552606,102.08177036902923,3.397740896768499e-06,4.717794749788246e-05,1,1,1,0
1,1,-0.01,0.0,6,-0.055,0.0,0,1,0.03886931528964289,19.168024498377598,0.047829978748412987,102.08161899017803,3.367545961807802e-06,4.0710651358864315e-05,1,1,1,0
1,2,-0.01,0.0,6,-0.055,0.0,0,1,0.03886931528964613,19.16802449839286,0.04783005825687936,102.08197138517413,3.384811190254789e-06,4.388186843720588e-05,1,1,1,0
1,3,-0.01,0.0,6,-0.055,0.0,0,1,0.03886931528964772,19.168024498429443,0.04783021494002994,102.0821707638518,3.1515938335460584e-06,4.0585548772166217e-05,1,1,1,0
1,4,-0.01,0.0,6,-0.055,0.0,0,1,0.03886931528964642,19.168024498454706,0.04782998315156063,102.08185378492541,3.3879840606410843e-06,4.591767976971959e-05,1,1,1,0
1,5,-0.01,0.0,6,-0.055,0.0,0,1,0.03886931528964751,19.168024498428547,0.04783002994749736,102.0817908854686,3.4274270261860436e-06,4.378880410199771e-05,1,1,1,0
1,6,-0.01,0.0,6,-0.055,0.0,0,1,0.038869315289641146,19.168024498397433,0.04654564642861718,89.66899338812156,8.525504642080871e-07,1.6318997658341484e-05,1,1,1,0
1,7,-0.01,0.0,6,-0.055,0.0,0,1,0.038869315289644,19.16802449842735,0.047829979393278384,102.08172045644666,3.250700653867567e-06,4.6655762382508306e-05,1,1,1,0
1,0,-0.01,0.0,7,-0.038891,-0.038891,0,0,0.05679343871380438,61.592309743913326,0.2598995882463596,89.99999765164887,1.2749929795600752e-15,4.4323421406669456e-14,0,0,1,0
1,1,-0.01,0.0,7,-0.038891,-0.038891,0,0,0.056793438713756694,61.59230974389567,0.19437311037331986,179.99916175252935,7.19332786129219e-16,3.700109095925346e-15,0,0,1,0
1,2,-0.01,0.0,7,-0.038891,-0.038891,0,0,0.05679343871379797,61.59230974390684,0.16172758387422428,0.0008382509489997679,6.667345066053032e-16,3.643161290402349e-15,0,0,1,0
1,3,-0.01,0.0,7,-0.038891,-0.038891,0,0,0.05679343871373201,61.59230974395125,0.17356394050891036,0.0008382509489997679,6.086300293999049e-16,1.165722559261424e-15,0,0,1,0
1,4,-0.01,0.0,7,-0.038891,-0.038891,0,0,0.05679343871390227,61.59230974382027,0.16648417447515673,0.0008382509489997679,5.20252705712687e-16,4.112314072517906e-15,0,0,1,0
1,5,-0.01,0.0,7,-0.038891,-0.038891,0,0,0.056793438713764105,61.59230974396349,0.2678561014760055,0.0008382509489997679,6.711490864527293e-16,3.951206670539045e-15,0,0,1,0
1,6,-0.01,0.0,7,-0.038891,-0.038891,0,0,0.05679343871370023,61.59230974384026,0.25275317412171683,179.99916174731183,3.9165997121271897e-16,3.0242152679778313e-15,0,0,1,0
1,7,-0.01,0.0,7,-0.038891,-0.038891,0,0,0.05679343871380013,61.59230974396411,0.2954803005557149,89.99999765164877,1.6247675926362318e-15,5.82065204222078e-14,0,0,1,0
2,0,-0.005,-0.01,0,0.038891,0.038891,0,0,0.016559694715356087,12.76994335487118,0.08729245486589537,112.36014548870016,3.663115292189131e-07,5.413394543986072e-06,1,1,1,0
2,1,-0.005,-0.01,0,0.038891,0.038891,0,0,0.016932625603942084,13.208538562803009,0.08748964699332475,112.30560776769552,3.7786189684479876e-07,6.247544340238498e-06,1,1,1,0
2,2,-0.005,-0.01,0,0.038891,0.038891,0,0,0.01757366581396364,13.66937926848373,0.08732277066051614,112.50055705166119,0.00799452851122352,0.2731516928454515,1,1,1,0
2,3,-0.005,-0.01,0,0.038891,0.038891,0,0,0.01602588796912102,12.188125788868122,0.0870011453672212,112.54097757235361,3.523935620192807e-07,4.3452325283830475e-06,1,1,1,0
2,4,-0.005,-0.01,0,0.038891,0.038891,0,0,0.016026117467299993,12.188546410975762,0.08700113966854207,112.54175814345791,3.523601399734444e-07,4.29228134015644e-06,1,1,1,0
2,5,-0.005,-0.01,0,0.038891,0.038891,0,0,0.018273220851821717,14.465109271632622,0.08808141504578458,112.39997922908451,4.2372335735185636e-07,9.074135344412972e-06,1,1,1,0
2,6,-0.005,-0.01,0,0.038891,0.038891,0,0,0.022637789474795156,18.39405864180526,0.08971406849597845,113.61581420917088,1.2596303867852644e-06,5.742254053950624e-05,1,1,1,0
2,7,-0.005,-0.01,0,0.038891,0.038891,0,0,0.015948483789026757,12.066881861434615,0.08694731557257139,112.65224320877944,3.5077959285016233e-07,4.092417172836175e-06,1,1,1,0
2,0,-0.005,-0.01,1,0.055,0.0,0,1,0.027176101675543896,16.873123822282945,0.056564375216560575,90.00066348699929,7.914901694347843e-12,1.128178119197472e-13,1,1,1,0
2,1,-0.005,-0.01,1,0.055,0.0,0,1,0.027176101675542446,16.873123822294865,0.056564375149860575,90.00066348697932,7.914363616249369e-12,1.0788380672416134e-13,1,1,1,0
2,2,-0.005,-0.01,1,0.055,0.0,0,1,0.027176101675544895,16.87312382229254,0.05656437538045577,90.00066348704988,7.914307106760389e-12,1.1559148420748938e-13,1,1,1,0
2,3,-0.005,-0.01,1,0.055,0.0,0,1,0.02717610167554516,16.873123822276103,0.05656437536985412,90.00066348704668,7.913974932707641e-12,1.040794632317346e-13,1,1,1,0
2,4,-0.005,-0.01,1,0.055,0.0,0,1,0.02717610167554368,16.873123822274835,0.05656437529599595,90.00066348702171,7.913974445204698e-12,1.0778662163760859e-13,1,1,1,0
2,5,-0.005,-0.01,1,0.055,0.0,0,1,0.02717610167554346,16.87312382226243,0.05656437525884692,90.00066348701063,7.913569757897742e-12,1.0631793842101423e-13,1,1,1,0
2,6,-0.005,-0.01,1,0.055,0.0,0,1,0.02717610167554423,16.87312382230661,0.05656437532263331,90.00066348703021,7.914359333198362e-12,1.0153153451442979e-13,1,1,1,0
2,7,-0.005,-0.01,1,0.055,0.0,0,1,0.027176101675546332,16.87312382226278,0.05656437557811396,90.00066348710996,7.913971839087238e-12,1.0922870340582542e-13,1,1,1,0
2,0,-0.005,-0.01,2,0.0,0.055,0,0,0.029220662426426975,19.536432837092462,0.08481776852524607,92.04857833601322,1.382029737761537e-07,3.192700262343999e-06,1,1,1,0
2,1,-0.005,-0.01,2,0.0,0.055,0,0,0.029220662426424907,19.53643283708466,0.08481776852524801,92.0485783360026,1.3820297329395438e-07,3.1927002380104123e-06,1,1,1,0
2,2,-0.005,-0.01,2,0.0,0.055,0,0,0.02922066242642404,19.53643283708314,0.08481776852524442,92.0485783360011,1.382029735942206e-07,3.192700188948942e-06,1,1,1,0
2,3,-0.005,-0.01,2,0.0,0.055,0,0,0.029220662426407425,19.536432837077164,0.0848177685252427,92.04857833598723,1.3820297429568027e-07,3.1927002540023457e-06,1,1,1,0
2,4,-0.005,-0.01,2,0.0,0.055,0,0,0.029220662426289505,19.536432837026872,0.0848177685252177,92.04857833591336,1.382029736036854e-07,3.1927002100627017e-06,1,1,1,0
2,5,-0.005,-0.01,2,0.0,0.055,0,0,0.029220662426277275,19.536432837021692,0.08481776852521462,92.04857833589583,1.3820297295019467e-07,3.1927002217346387e-06,1,1,1,0
2,6,-0.005,-0.01,2,0.0,0.055,0,0,0.0292206624262549,19.536432837009638,0.08481776852521676,92.04857833587253,1.3820297326920085e-07,3.1927001956650533e-06,1,1,1,0
2,7,-0.005,-0.01,2,0.0,0.055,0,0,0.029220662426409114,19.53643283707975,0.08481776852523784,92.04857833599533,1.3820297343094492e-07,3.1927001681587117e-06,1,1,1,0
2,0,-0.005,-0.01,3,0.038891,-0.038891,0,1,0.028035438740362836,13.97587325540745,0.04578715988971046,90.00071407898731,1.2176765472746464e-11,1.6102619489295547e-13,1,1,1,0
2,1,-0.005,-0.01,3,0.038891,-0.038891,0,1,0.028035438740416852,13.97587325546276,0.04578715988994688,90.00071407898723,1.2177026437687946e-11,1.642243020491844e-13,1,1,1,0
2,2,-0.005,-0.01,3,0.038891,-0.038891,0,1,0.028035438740353493,13.97587325539744,0.045787159889617034,90.00071407898727,1.2176486154041496e-11,1.5807412589550491e-13,1,1,1,0
2,3,-0.005,-0.01,3,0.038891,-0.038891,0,1,0.028035438740358815,13.975873255403497,0.045787159889679296,90.00071407898729,1.2177187699778355e-11,1.6750500327782874e-13,1,1,1,0
2,4,-0.005,-0.01,3,0.038891,-0.038891,0,1,0.02803543874039107,13.975873255435369,0.04578715988983103,90.00071407898727,1.217800128815768e-11,1.7673557677761715e-13,1,1,1,0
2,5,-0.005,-0.01,3,0.038891,-0.038891,0,1,0.028035438740406104,13.97587325544938,0.04578715988985567,90.00071407898723,1.2176628200164858e-11,1.5950440652172282e-13,1,1,1,0
2,6,-0.005,-0.01,3,0.038891,-0.038891,0,1,0.028035438740359415,13.975873255404078,0.045787159889663344,90.00071407898729,1.2177888821760112e-11,1.7920362275631016e-13,1,1,1,0
2,7,-0.005,-0.01,3,0.038891,-0.038891,0,1,0.028035438740308952,13.975873255353928,0.04578715988950885,90.00071407898737,1.2177966826046054e-11,1.8065906688075057e-13,1,1,1,0
2,0,-0.005,-0.01,4,-0.038891,0.038891,0,0,0.0029127894552023405,5.212398318262206,0.0735680185848997,83.45173294465472,5.822720388884177e-07,1.2690684123990414e-05,1,1,1,0
2,1,-0.005,-0.01,4,-0.038891,0.038891,0,0,0.0029127894552143496,5.212398317925835,0.07356801858510864,83.45173294461392,5.822720391627016e-07,1.2690684166721663e-05,1,1,1,0
2,2,-0.005,-0.01,4,-0.038891,0.038891,0,0,0.002912789455225114,5.212398317700654,0.07356801858525495,83.45173294474486,5.82272039161459e-07,1.2690684062527655e-05,1,1,1,0
2,3,-0.005,-0.01,4,-0.038891,0.038891,0,0,0.002912789455227758,5.2123983190013305,0.0735680185840726,83.45173294546213,5.822720352091175e-07,1.269068394469593e-05,1,1,1,0
2,4,-0.005,-0.01,4,-0.038891,0.038891,0,0,0.002912789455211896,5.212398318355192,0.07356801858490031,83.45173294465518,5.822720398034348e-07,1.269068413272278e-05,1,1,1,0
2,5,-0.005,-0.01,4,-0.038891,0.038891,0,0,0.00291278945518436,5.21239831827215,0.07356801858460363,83.45173294503007,5.82272037596712e-07,1.2690684106214875e-05,1,1,1,0
2,6,-0.005,-0.01,4,-0.038891,0.038891,0,0,0.002912789455185296,5.212398315919925,0.07356801858823678,83.45173294348196,5.822720374225646e-07,1.2690684155265134e-05,1,1,1,0
2,7,-0.005,-0.01,4,-0.038891,0.038891,0,0,0.002912789455195077,5.2123983189201075,0.07356801858410385,83.45173294540223,5.822720425681258e-07,1.2690684069934992e-05,1,1,1,0
2,0,-0.005,-0.01,5,0.0,-0.055,0,0,0.04885523293711837,29.420505766877636,0.08106834998795859,90.28139589728787,2.1551919686007853e-07,5.335060499488095e-06,1,1,1,0
2,1,-0.005,-0.01,5,0.0,-0.055,0,0,0.04885523293713549,29.420505766906988,0.08106834998703674,90.28139589864558,2.1551919633270926e-07,5.335060476180825e-06,1,1,1,0
2,2,-0.005,-0.01,5,0.0,-0.055,0,0,0.04885523293713793,29.420505766910555,0.08106834998702839,90.28139589878819,2.1551919925691642e-07,5.335060535877227e-06,1,1,1,0
2,3,-0.005,-0.01,5,0.0,-0.055,0,0,0.04885523293714076,29.42050576691333,0.08106834998643642,90.28139586927085,2.1551919907785386e-07,5.335060527994681e-06,1,1,1,0
2,4,-0.005,-0.01,5,0.0,-0.055,0,0,0.048855232937203466,29.420505766995475,0.0810683499871101,90.28139590028383,2.1551919701813912e-07,5.3350605038519495e-06,1,1,1,0
2,5,-0.005,-0.01,5,0.0,-0.055,0,0,0.04885523293719576,29.420505766981933,0.08106834998696638,90.28139589913725,2.1551919753012458e-07,5.3350605260456705e-06,1,1,1,0
2,6,-0.005,-0.01,5,0.0,-0.055,0,0,0.04885523293717798,29.420505766953728,0.08106834998831565,90.28139589695117,2.1551919651392772e-07,5.335060491303512e-06,1,1,1,0
2,7,-0.005,-0.01,5,0.0,-0.055,0,0,0.04885523293715206,29.4205057669256,0.08106834998862149,90.2813958952654,2.1551919935194118e-07,5.335060539251654e-06,1,1,1,0
2,0,-0.005,-0.01,6,-0.055,0.0,0,1,0.03533399782400091,18.648950360340876,0.06901788423987694,89.9995136773797,4.9274621450159966e-08,7.511706609976756e-07,1,1,1,0
2,1,-0.005,-0.01,6,-0.055,0.0,0,1,0.03533399781835677,18.648950360327273,0.0690262093480502,89.99951392295702,4.916348249735986e-08,7.494310364827769e-07,1,1,1,0
2,2,-0.005,-0.01,6,-0.055,0.0,0,1,0.03533399783186505,18.648950360343584,0.0689278265520542,89.99951158284368,5.047077878068871e-08,7.695928509731915e-07,1,1,1,0
2,3,-0.005,-0.01,6,-0.055,0.0,0,1,0.03533399783869498,18.648950360356313,0.06902825895392217,89.99951396693126,4.913373973023421e-08,7.489610496137346e-07,1,1,1,0
2,4,-0.005,-0.01,6,-0.055,0.0,0,1,0.03533399783744214,18.64895036035377,0.06902825227697687,89.99951396681669,4.913389829387884e-08,7.489633955459259e-07,1,1,1,0
2,5,-0.005,-0.01,6,-0.055,0.0,0,1,0.035333997827502316,18.6489503603361,0.06902784170486596,89.99951395738142,4.9139432541425544e-08,7.490494207945981e-07,1,1,1,0
2,6,-0.005,-0.01,6,-0.055,0.0,0,1,0.03533399785575016,18.648950360376165,0.06902742836347471,89.99951394718187,4.914531502695542e-08,7.49140506825308e-07,1,1,1,0
2,7,-0.005,-0.01,6,-0.055,0.0,0,1,0.0353339978475155,18.64895036036662,0.06902803437452311,89.99951396186304,4.913674632686344e-08,7.490076664954371e-07,1,1,1,0
2,0,-0.005,-0.01,7,-0.038891,-0.038891,0,0,0.07547451069406179,56.80002046763468,0.7123102449599606,179.99916174905098,5.655037541994311e-16,5.5547324677405026e-15,0,0,1,0
2,1,-0.005,-0.01,7,-0.038891,-0.038891,0,0,0.07547451070409056,56.800020469624535,0.7071196969958526,89.99999765164898,1.0896885325217586e-15,3.713692883748533e-14,0,0,1,0
2,2,-0.005,-0.01,7,-0.038891,-0.038891,0,0,0.07547451069686437,56.800020466373056,0.8073526046634735,0.0008382509489997679,4.956462434773111e-16,3.0296466294076483e-15,0,0,1,0
2,3,-0.005,-0.01,7,-0.038891,-0.038891,0,0,0.07547451069688348,56.80002046529561,0.6877300062249286,179.99916174905098,5.413678859977097e-16,2.9138803912429327e-15,0,0,1,0
2,4,-0.005,-0.01,7,-0.038891,-0.038891,0,0,0.07547451070015643,56.80002046585282,0.6980462989275786,179.99916176296446,5.613382562218935e-16,4.23804935884223e-15,0,0,1,0
2,5,-0.005,-0.01,7,-0.038891,-0.038891,0,0,0.07547451069825958,56.80002046542735,0.8210507602202252,179.99916175252935,6.372997105447209e-16,4.863730062815315e-15,0,0,1,0
2,6,-0.005,-0.01,7,-0.038891,-0.038891,0,0,0.0754745106999005,56.80002046786828,0.6732860488752747,179.99916174731183,6.859868564771448e-16,5.283294421248679e-15,0,0,1,0
2,7,-0.005,-0.01,7,-0.038891,-0.038891,0,0,0.07547451069506964,56.80002046664962,0.7163912141429128,179.99916174731183,6.865453795769407e-16,4.496134344052212e-15,0,0,1,0
3,0,-0.005,0.0,0,0.038891,0.038891,0,1,0.029181976224612095,13.744243168232574,0.05739984979346671,90.0005528724305,6.844619411148416e-12,1.576952201634159e-13,1,1,1,0
3,1,-0.005,0.0,0,0.038891,0.038891,0,1,0.029181976224633435,13.744243168253401,0.05739984979340988,90.0005528724305,6.845301400440919e-12,1.643290473252768e-13,1,1,1,0
3,2,-0.005,0.0,0,0.038891,0.038891,0,1,0.029181976224675686,13.744243168291794,0.05739984979335798,90.00055287243048,6.8457752220725585e-12,1.5787343764931125e-13,1,1,1,0
3,3,-0.005,0.0,0,0.038891,0.038891,0,1,0.029181976224672668,13.74424316828917,0.05739984979336772,90.00055287243053,6.845978669514953e-12,1.5155309607428237e-13,1,1,1,0
3,4,-0.005,0.0,0,0.038891,0.038891,0,1,0.02918197622467589,13.744243168294792,0.05739984979331118,90.00055287243046,6.8448285793833016e-12,1.5339536665173812e-13,1,1,1,0
3,5,-0.005,0.0,0,0.038891,0.038891,0,1,0.029181976224621976,13.744243168242638,0.05739984979343976,90.0005528724305,6.844870960894704e-12,1.5798755593003347e-13,1,1,1,0
3,6,-0.005,0.0,0,0.038891,0.038891,0,1,0.029181976224582136,13.744243168204617,0.05739984979352797,90.00055287243048,6.8471267375040295e-12,1.6069468575389652e-13,1,1,1,0
3,7,-0.005,0.0,0,0.038891,0.038891,0,1,0.02918197622465491,13.744243168273051,0.05739984979338969,90.00055287243052,6.845422037546152e-12,1.6088370232796396e-13,1,1,1,0
3,0,-0.005,0.0,1,0.055,0.0,0,1,0.027871249886081976,16.094130800486287,0.04543032439433571,90.00336264783728,3.7462980613818284e-07,8.936573563072119e-06,1,1,1,0
3,1,-0.005,0.0,1,0.055,0.0,0,1,0.027871249886051386,16.094130800485463,0.045430331917088604,90.00332002591618,3.7463139248228344e-07,8.93657832836296e-06,1,1,1,0
3,2,-0.005,0.0,1,0.055,0.0,0,1,0.027871249886058286,16.094130800483903,0.0454303236547229,90.00333185578737,3.7463028105627573e-07,8.936575789246239e-06,1,1,1,0
3,3,-0.005,0.0,1,0.055,0.0,0,1,0.027871249886065704,16.09413080048519,0.045430323823963455,90.00335742944701,3.7462990268161803e-07,8.936573974055215e-06,1,1,1,0
3,4,-0.005,0.0,1,0.055,0.0,0,1,0.0278712498860272,16.094130800482617,0.045430324036763135,90.0033657568238,3.7462980893915144e-07,8.936573372610576e-06,1,1,1,0
3,5,-0.005,0.0,1,0.055,0.0,0,1,0.027871249886067765,16.0941308004851,0.04543032372515452,90.0033645336828,3.746298164278446e-07,8.936573525530924e-06,1,1,1,0
3,6,-0.005,0.0,1,0.055,0.0,0,1,0.02787124988609304,16.094130800486795,0.04543032415777688,90.00336127296524,3.7462988247227826e-07,8.936573708340606e-06,1,1,1,0
3,7,-0.005,0.0,1,0.055,0.0,0,1,0.027871249886063588,16.094130800485278,0.045430323998027426,90.00336482625762,3.7462983164417087e-07,8.936573537701082e-06,1,1,1,0
3,0,-0.005,0.0,2,0.0,0.055,0,0,0.03575561617598727,22.20520341150929,0.083715493996855,89.86880574333729,1.2295642140300898e-07,2.0767371097808443e-06,1,1,1,0
3,1,-0.005,0.0,2,0.0,0.055,0,0,0.03575561617598846,22.20520341151552,0.08371549399493124,89.86880574582752,1.229564183889516e-07,2.0767370564204643e-06,1,1,1,0
3,2,-0.005,0.0,2,0.0,0.055,0,0,0.03575561617587536,22.205203411530334,0.0837154939994185,89.86880573940645,1.2295642065231296e-07,2.07673705458825e-06,1,1,1,0
3,3,-0.005,0.0,2,0.0,0.055,0,0,0.03575561617587063,22.205203411597694,0.08371549399884337,89.86880573987314,1.229564213140411e-07,2.0767371016598765e-06,1,1,1,0
3,4,-0.005,0.0,2,0.0,0.055,0,0,0.03575561617598981,22.20520341145644,0.08371549400278915,89.86880573604597,1.2295641920394647e-07,2.0767370707037823e-06,1,1,1,0
3,5,-0.005,0.0,2,0.0,0.055,0,0,0.03575561617598591,22.20520341143355,0.08371549399667713,89.86880574404128,1.2295641901694695e-07,2.0767370551010928e-06,1,1,1,0
3,6,-0.005,0.0,2,0.0,0.055,0,0,0.03575561617598546,22.205203411494516,0.08371549399584881,89.86880574467317,1.229564189452622e-07,2.07673707520289e-06,1,1,1,0
3,7,-0.005,0.0,2,0.0,0.055,0,0,0.03575561617588027,22.205203411525112,0.08371549399938573,89.86880573958248,1.229564204872921e-07,2.0767370961194505e-06,1,1,1,0
3,0,-0.005,0.0,3,0.038891,-0.038891,0,1,0.02789109627741198,14.173952913392924,0.048911029856545704,90.00061050027216,1.0187423160313911e-11,9.033436974826876e-14,1,1,1,0
3,1,-0.005,0.0,3,0.038891,-0.038891,0,1,0.02789109627742359,14.173952913420512,0.04891102985688392,90.00061050027217,1.01881878445515e-11,9.96415525868113e-14,1,1,1,0
3,2,-0.005,0.0,3,0.038891,-0.038891,0,1,0.027891096277450563,14.173952913444463,0.04891102985658502,90.00061050027215,1.0187965364390876e-11,9.707614905284729e-14,1,1,1,0
3,3,-0.005,0.0,3,0.038891,-0.038891,0,1,0.027891096277455913,14.173952913440306,0.04891102985637756,90.00061050027217,1.018872891522965e-11,1.0405625790974821e-13,1,1,1,0
3,4,-0.005,0.0,3,0.038891,-0.038891,0,1,0.027891096277471095,14.173952913464312,0.04891102985668446,90.00061050027217,1.0187320027910597e-11,9.297939731312417e-14,1,1,1,0
3,5,-0.005,0.0,3,0.038891,-0.038891,0,1,0.027891096277418755,14.173952913406744,0.04891102985669844,90.00061050027215,1.0186931628390464e-11,8.681514300848721e-14,1,1,1,0
3,6,-0.005,0.0,3,0.038891,-0.038891,0,1,0.027891096277365662,14.173952913366477,0.04891102985697741,90.00061050027217,1.0187574847711438e-11,9.123376197175253e-14,1,1,1,0
3,7,-0.005,0.0,3,0.038891,-0.038891,0,1,0.027891096277429108,14.173952913429085,0.04891102985676672,90.0006105002722,1.0188366998847875e-11,1.0123418439076234e-13,1,1,1,0
3,0,-0.005,0.0,4,-0.038891,0.038891,0,1,0.04762800942659262,25.843105361916642,0.0637261203285831,89.99997442408741,7.303440557267254e-13,6.5729176228804e-14,1,1,1,0
3,1,-0.005,0.0,4,-0.038891,0.038891,0,1,0.04762800942660312,25.843105361926504,0.06372612032839503,89.99997442408747,7.310256245464308e-13,7.700904140335306e-14,1,1,1,0
3,2,-0.005,0.0,4,-0.038891,0.038891,0,1,0.04762800942604224,25.84310536131075,0.06372612034404024,89.99997442408811,7.311216844438399e-13,7.812008135569177e-14,1,1,1,0
3,3,-0.005,0.0,4,-0.038891,0.038891,0,1,0.04762800942603087,25.843105361299834,0.06372612034406869,89.99997442408811,7.305823824121051e-13,7.410953408363365e-14,1,1,1,0
3,4,-0.005,0.0,4,-0.038891,0.038891,0,1,0.04762800942660143,25.843105361926447,0.06372612032845901,89.99997442408738,7.305867176226517e-13,7.228638128205572e-14,1,1,1,0
3,5,-0.005,0.0,4,-0.038891,0.038891,0,1,0.04762800942657978,25.84310536189948,0.0637261203289552,89.99997442408741,7.312371547361757e-13,8.203892073456513e-14,1,1,1,0
3,6,-0.005,0.0,4,-0.038891,0.038891,0,1,0.04762800942657982,25.843105361898665,0.06372612032898463,89.99997442408744,7.306827382243428e-13,7.899188426832134e-14,1,1,1,0
3,7,-0.005,0.0,4,-0.038891,0.038891,0,1,0.047628009426055336,25.84310536132721,0.06372612034362855,89.99997442408801,7.309618509999089e-13,7.644361098564205e-14,1,1,1,0
3,0,-0.005,0.0,5,0.0,-0.055,0,1,0.038680431133346134,22.034414492078692,0.05571191851544595,89.99999973294953,9.586275027855022e-12,1.4037748467531537e-13,1,1,1,0
3,1,-0.005,0.0,5,0.0,-0.055,0,1,0.03868043113331653,22.034414492083137,0.055711918514625355,89.99999973294946,9.586654859903469e-12,1.4005942639204653e-13,1,1,1,0
3,2,-0.005,0.0,5,0.0,-0.055,0,1,0.03868043113367043,22.03441449205166,0.05571191851917484,89.9999997329502,9.585960285203127e-12,1.3484418496312453e-13,1,1,1,0
3,3,-0.005,0.0,5,0.0,-0.055,0,1,0.03868043113363836,22.034414492048203,0.05571191851635887,89.99999973295024,9.58616366655184e-12,1.3875309904635227e-13,1,1,1,0
3,4,-0.005,0.0,5,0.0,-0.055,0,1,0.03868043113328005,22.034414492129528,0.055711918515611115,89.9999997329494,9.586677316685763e-12,1.3551041929416035e-13,1,1,1,0
3,5,-0.005,0.0,5,0.0,-0.055,0,1,0.038680431133249885,22.034414492146006,0.05571191851420281,89.99999973294962,9.585740003364776e-12,1.2835667687609447e-13,1,1,1,0
3,6,-0.005,0.0,5,0.0,-0.055,0,1,0.03868043113343438,22.034414491972313,0.05571191851318002,89.9999997329495,9.587157165000093e-12,1.4930680067434793e-13,1,1,1,0
3,7,-0.005,0.0,5,0.0,-0.055,0,1,0.038680431133569886,22.034414492100428,0.05571191851681233,89.99999973295024,9.585938367449802e-12,1.311324731603473e-13,1,1,1,0
3,0,-0.005,0.0,6,-0.055,0.0,0,1,0.034102410667137206,18.54068646961847,0.051226502174888264,89.96513108200593,1.287775873768836e-06,5.8053492113392755e-05,1,1,1,0
3,1,-0.005,0.0,6,-0.055,0.0,0,1,0.03410241066714296,18.54068646962095,0.05122657760283874,89.9642914568014,4.929876377739604e-07,1.4398930183200019e-05,1,1,1,0
3,2,-0.005,0.0,6,-0.055,0.0,0,1,0.03410241066710896,18.540686469628554,0.051226459075086876,89.96403935338743,4.929790067746091e-07,1.439884873547236e-05,1,1,1,0
3,3,-0.005,0.0,6,-0.055,0.0,0,1,0.034102410667113905,18.54068646962555,0.05122678031139648,89.96479932430988,4.930026460219433e-07,1.4399031376045232e-05,1,1,1,0
3,4,-0.005,0.0,6,-0.055,0.0,0,1,0.03410241066714868,18.54068646962611,0.05122664790502822,89.96510294614927,2.6332950963238866e-06,0.00011925356143418514,1,1,1,0
3,5,-0.005,0.0,6,-0.055,0.0,0,1,0.03410241066714007,18.540686469623907,0.05122660548261203,89.96499675914643,7.908523335167553e-07,3.486125452726805e-05,1,1,1,0
3,6,-0.005,0.0,6,-0.055,0.0,0,1,0.034102410667125375,18.54068646962583,0.05122666199412897,89.96499597862292,8.01211828509403e-07,2.480630716480888e-05,1,1,1,0
3,7,-0.005,0.0,6,-0.055,0.0,0,1,0.03410241066710793,18.540686469627353,0.051226487155814064,89.96447811442424,4.929802820889628e-07,1.4398768630174885e-05,1,1,1,0
3,0,-0.005,0.0,7,-0.038891,-0.038891,0,1,0.048707682646486124,43.40188946655179,0.05423912369630519,89.99981749956075,8.884983406458946e-12,7.028738260871515e-14,1,1,1,0
3,1,-0.005,0.0,7,-0.038891,-0.038891,0,1,0.04870768264648681,43.401889466506056,0.0542391236955648,89.99981749956062,8.885258718185395e-12,7.043710664927272e-14,1,1,1,0
3,2,-0.005,0.0,7,-0.038891,-0.038891,0,1,0.04870768264658467,43.401889466867594,0.05423912371735419,89.99981749956441,8.884915309442719e-12,6.556192657918441e-14,1,1,1,0
3,3,-0.005,0.0,7,-0.038891,-0.038891,0,1,0.04870768264658721,43.40188946687269,0.05423912371775918,89.9998174995645,8.885327702964866e-12,7.091647898447664e-14,1,1,1,0
3,4,-0.005,0.0,7,-0.038891,-0.038891,0,1,0.04870768264648741,43.40188946651524,0.05423912369565248,89.99981749956066,8.884972883429668e-12,6.739122753385415e-14,1,1,1,0
3,5,-0.005,0.0,7,-0.038891,-0.038891,0,1,0.04870768264648917,43.40188946651974,0.05423912369646461,89.99981749956079,8.886014083734139e-12,8.24614017121609e-14,1,1,1,0
3,6,-0.005,0.0,7,-0.038891,-0.038891,0,1,0.04870768264648986,43.4018894665312,0.05423912369659811,89.9998174995608,8.885457537934165e-12,7.103279014980906e-14,1,1,1,0
3,7,-0.005,0.0,7,-0.038891,-0.038891,0,1,0.04870768264658306,43.40188946684789,0.054239123716693156,89.99981749956429,8.88567956701615e-12,7.951785143851911e-14,1,1,1,0
4,0,0.0,-0.005,0,0.038891,0.038891,0,1,0.02000130579378997,9.985271605757756,0.06398752814109697,96.85939008978097,1.5354037911490874e-06,2.4788742248727803e-05,1,1,1,0
4,1,0.0,-0.005,0,0.038891,0.038891,0,1,0.020001305793786946,9.985271605759078,0.06398752955437821,96.85939326402811,1.5354040315310643e-06,2.4788753660153488e-05,1,1,1,0
4,2,0.0,-0.005,0,0.038891,0.038891,0,1,0.02000130579374795,9.985271605736036,0.06398754207508695,96.85939873612782,1.5354042662968607e-06,2.4788779523663793e-05,1,1,1,0
4,3,0.0,-0.005,0,0.038891,0.038891,0,1,0.020001305793769377,9.985271605752619,0.06398752976034199,96.85939340776295,1.5354039741131655e-06,2.4788750440509068e-05,1,1,1,0
4,4,0.0,-0.005,0,0.038891,0.038891,0,1,0.020001305793774776,9.985271605756141,0.06398753091469682,96.85938943877284,1.535403992863215e-06,2.4788747470121115e-05,1,1,1,0
4,5,0.0,-0.005,0,0.038891,0.038891,0,1,0.020001305793745865,9.985271605739484,0.06398753028411466,96.85939250209438,1.5354038929631117e-06,2.4788744760049876e-05,1,1,1,0
4,6,0.0,-0.005,0,0.038891,0.038891,0,1,0.020001305793769436,9.985271605744256,0.06398752807992177,96.85939458975629,1.5354039325411308e-06,2.4788750623640657e-05,1,1,1,0
4,7,0.0,-0.005,0,0.038891,0.038891,0,1,0.020001305793759222,9.9852716057422,0.06398753715839296,96.85939039804995,1.5354039270715244e-06,2.478875002477624e-05,1,1,1,0
4,0,0.0,-0.005,1,0.055,0.0,0,1,0.03259575529735389,17.36530592031388,0.045550020953922556,90.00083269713171,1.0844265901970092e-11,1.9393470972601251e-13,1,1,1,0
4,1,0.0,-0.005,1,0.055,0.0,0,1,0.032595755297359565,17.365305920318995,0.04555001974363008,90.00083269716193,1.0843144979630656e-11,1.797093358908118e-13,1,1,1,0
4,2,0.0,-0.005,1,0.055,0.0,0,1,0.03259575529736396,17.3653059203158,0.04555002109696551,90.00083269712805,1.0843599513518928e-11,1.8685624936327783e-13,1,1,1,0
4,3,0.0,-0.005,1,0.055,0.0,0,1,0.03259575529735601,17.365305920312643,0.04555002024823985,90.00083269714928,1.0841890756829054e-11,1.649355405909944e-13,1,1,1,0
4,4,0.0,-0.005,1,0.055,0.0,0,1,0.03259575529735345,17.36530592031618,0.045550021143103234,90.00083269712707,1.084272285265097e-11,1.760492022811899e-13,1,1,1,0
4,5,0.0,-0.005,1,0.055,0.0,0,1,0.03259575529735369,17.365305920314096,0.04555001880450914,90.00083269718527,1.084374727227501e-11,1.8796821161702585e-13,1,1,1,0
4,6,0.0,-0.005,1,0.055,0.0,0,1,0.03259575529734517,17.365305920311663,0.04555002062573975,90.00083269713998,1.0842866734923424e-11,1.7504573354421093e-13,1,1,1,0
4,7,0.0,-0.005,1,0.055,0.0,0,1,0.03259575529735297,17.365305920316867,0.04555002097276124,90.00083269713123,1.0842357892401033e-11,1.723175101644086e-13,1,1,1,0
4,0,0.0,-0.005,2,0.0,0.055,0,1,0.03286602070803433,19.812282146021914,0.05616489172140319,89.99995108279026,6.369218389433805e-12,7.409479887257157e-14,1,1,1,0
4,1,0.0,-0.005,2,0.0,0.055,0,1,0.03286602070806406,19.812282146015608,0.05616489159163407,89.99995108278884,6.369349982739832e-12,7.360372951580208e-14,1,1,1,0
4,2,0.0,-0.005,2,0.0,0.055,0,1,0.03286602070796863,19.812282146059186,0.05616489176119145,89.99995108279067,6.3706587735615914e-12,7.977623784735315e-14,1,1,1,0
4,3,0.0,-0.005,2,0.0,0.055,0,1,0.03286602070803638,19.812282146016095,0.05616489170115276,89.99995108279,6.3691367571532235e-12,7.433869990080223e-14,1,1,1,0
4,4,0.0,-0.005,2,0.0,0.055,0,1,0.03286602070808666,19.812282145998566,0.05616489152432604,89.99995108278812,6.369673265797447e-12,8.230453265659593e-14,1,1,1,0
4,5,0.0,-0.005,2,0.0,0.055,0,1,0.03286602070798272,19.812282146083767,0.05616489185237331,89.99995108279164,6.3694822658091224e-12,8.31898553960324e-14,1,1,1,0
4,6,0.0,-0.005,2,0.0,0.055,0,1,0.03286602070808233,19.8122821459986,0.05616489157439647,89.99995108278861,6.369145267800679e-12,7.733767393526812e-14,1,1,1,0
4,7,0.0,-0.005,2,0.0,0.055,0,1,0.032866020708121786,19.812282145958402,0.05616489145469832,89.99995108278733,6.36891788418277e-12,7.437906674764566e-14,1,1,1,0
4,0,0.0,-0.005,3,0.038891,-0.038891,0,0,0.05557340553324661,28.500157361320234,0.19031159454464674,16.209216130286496,1.9832478295732376e-07,4.315857482124423e-06,0,0,1,0
4,1,0.0,-0.005,3,0.038891,-0.038891,0,0,0.05557340553292044,28.50015736133895,0.1890335191134355,17.754829116918962,2.2790338976035179e-07,5.751001564655907e-06,0,0,1,0
4,2,0.0,-0.005,3,0.038891,-0.038891,0,0,0.05557340553284494,28.500157361372384,0.19161844168685138,15.671165783905568,2.5175499174974546e-07,3.546083533484679e-06,0,0,1,0
4,3,0.0,-0.005,3,0.038891,-0.038891,0,0,0.055573405533048445,28.5001573613081,0.19067361060305846,15.107107591072475,2.37444782506628e-07,3.309651816257689e-06,0,0,1,0
4,4,0.0,-0.005,3,0.038891,-0.038891,0,0,0.05557340553305865,28.500157361348656,0.19182372988708685,15.33046555729878,2.1080508676672695e-07,2.8231984999696038e-06,0,0,1,0
4,5,0.0,-0.005,3,0.038891,-0.038891,0,0,0.055573405532965935,28.500157361351082,0.192124112859257,15.612873678987473,2.1528238970847568e-07,3.018985535552334e-06,0,0,1,0
4,6,0.0,-0.005,3,0.038891,-0.038891,0,0,0.05557340553332958,28.500157361333994,0.18998550785525142,17.647322610208775,2.454057017300959e-07,4.669231152671824e-06,0,0,1,0
4,7,0.0,-0.005,3,0.038891,-0.038891,0,0,0.055573405532986384,28.500157361331777,0.19066532445222553,0.0008382509489997679,6.125550618657924e-16,3.1904875009786434e-15,0,0,1,0
4,0,0.0,-0.005,4,-0.038891,0.038891,0,0,0.013760301697890727,6.632576084250644,0.0725775950772446,84.93347358408016,9.68602701455496e-07,2.1934963387798793e-05,1,1,1,0
4,1,0.0,-0.005,4,-0.038891,0.038891,0,0,0.013760301697890316,6.632576084247119,0.072564362793706,84.78604819256695,1.5220173736024283e-06,5.0097192416431914e-05,1,1,1,0
4,2,0.0,-0.005,4,-0.038891,0.038891,0,0,0.013760301697850655,6.632576084228834,0.07256705080727759,84.7642853535467,3.4895104456321948e-06,7.418744474534529e-05,1,1,1,0
4,3,0.0,-0.005,4,-0.038891,0.038891,0,0,0.013760301697873806,6.632576084237866,0.07255064306082053,84.65795661043397,1.1422081483489714e-06,5.439911240275507e-05,1,1,1,0
4,4,0.0,-0.005,4,-0.038891,0.038891,0,0,0.013760301697879113,6.632576084244697,0.07256247238530247,84.68577187245762,1.2404563846174307e-06,2.81201477407832e-05,1,1,1,0
4,5,0.0,-0.005,4,-0.038891,0.038891,0,0,0.013760301697852952,6.632576084222556,0.07256839097712932,84.76898452730232,1.0145375123034363e-06,2.5091787284275337e-05,1,1,1,0
4,6,0.0,-0.005,4,-0.038891,0.038891,0,0,0.01376030169787444,6.632576084235885,0.07257379668981036,84.96403464492981,0.002528354650068894,0.09375135139497924,1,1,1,0
4,7,0.0,-0.005,4,-0.038891,0.038891,0,0,0.01376030169786127,6.632576084235444,0.07258607224758808,84.9313695953629,3.8390093857284415e-05,0.0015924237805861876,1,1,1,0
4,0,0.0,-0.005,5,0.0,-0.055,0,1,0.04351982254039217,22.582421374214654,0.054491595723484484,89.99958900476302,1.1238375304595924e-11,8.707906488247453e-14,1,1,1,0
4,1,0.0,-0.005,5,0.0,-0.055,0,1,0.04351982254038721,22.582421374206536,0.054491595635676474,89.999589004763,1.1238234281999637e-11,8.244900467186936e-14,1,1,1,0
4,2,0.0,-0.005,5,0.0,-0.055,0,1,0.04351982254043107,22.582421374244074,0.05449159574864042,89.99958900476302,1.1238006930177417e-11,8.739190211290698e-14,1,1,1,0
4,3,0.0,-0.005,5,0.0,-0.055,0,1,0.04351982254040407,22.582421374220488,0.05449159569555114,89.99958900476302,1.1237528677430202e-11,8.08336900607758e-14,1,1,1,0
4,4,0.0,-0.005,5,0.0,-0.055,0,1,0.04351982254040325,22.582421374220978,0.05449159570634458,89.999589004763,1.1238423364331997e-11,8.522608143520879e-14,1,1,1,0
4,5,0.0,-0.005,5,0.0,-0.055,0,1,0.043519822540435155,22.58242137424871,0.05449159581592006,89.99958900476304,1.123786738855259e-11,8.311487840227839e-14,1,1,1,0
4,6,0.0,-0.005,5,0.0,-0.055,0,1,0.04351982254040565,22.58242137422012,0.05449159568212418,89.99958900476302,1.1238242400434814e-11,8.213206291789206e-14,1,1,1,0
4,7,0.0,-0.005,5,0.0,-0.055,0,1,0.04351982254042252,22.582421374238404,0.05449159571003195,89.99958900476301,1.1237280260140333e-11,7.959889829069597e-14,1,1,1,0
4,0,0.0,-0.005,6,-0.055,0.0,0,1,0.031032567108942616,16.897086613269416,0.05163087972711771,89.99912513653486,1.0151487413917114e-11,1.7729428839573593e-13,1,1,1,0
4,1,0.0,-0.005,6,-0.055,0.0,0,1,0.031032565095154035,16.897086613264207,0.05163050536704613,89.99912514032978,1.01505053905471e-11,1.7012021606447316e-13,1,1,1,0
4,2,0.0,-0.005,6,-0.055,0.0,0,1,0.031032562786753794,16.897086613266527,0.05169342952194265,89.99912685112486,1.0131214078358615e-11,1.7131567839980865e-13,1,1,1,0
4,3,0.0,-0.005,6,-0.055,0.0,0,1,0.03103256412577253,16.89708661326854,0.05163063142367118,89.99912513808954,1.0151152348751096e-11,1.7327132667334353e-13,1,1,1,0
4,4,0.0,-0.005,6,-0.055,0.0,0,1,0.031032565345782588,16.897086613268804,0.051630394481203004,89.99912514172307,1.0150176371335683e-11,1.6353700566447868e-13,1,1,1,0
4,5,0.0,-0.005,6,-0.055,0.0,0,1,0.031032565787363183,16.897086613267312,0.05167926838830329,89.99912642780694,1.0125834786191754e-11,1.6583559266216973e-13,1,1,1,0
4,6,0.0,-0.005,6,-0.055,0.0,0,1,0.031032579182814927,16.897086613273267,0.051811414084860424,89.99912722112876,1.0122829595747482e-11,1.6952646965483733e-13,1,1,1,0
4,7,0.0,-0.005,6,-0.055,0.0,0,1,0.031032565111780503,16.897086613268712,0.05163054385041348,89.99912513916952,1.0149742130402492e-11,1.6137409786667125e-13,1,1,1,0
4,0,0.0,-0.005,7,-0.038891,-0.038891,0,1,0.03472992450774509,16.756240231473274,0.047442025697300313,89.99979524875057,1.3113326669112044e-11,7.038087666053347e-14,1,1,1,0
4,1,0.0,-0.005,7,-0.038891,-0.038891,0,1,0.03472992450778521,16.75624023145205,0.047442025697076624,89.99979524875066,1.3112956707336646e-11,6.748855022788468e-14,1,1,1,0
4,2,0.0,-0.005,7,-0.038891,-0.038891,0,1,0.03472992450777152,16.756240231459067,0.04744202569712231,89.99979524875062,1.3113668869546939e-11,7.534143667452823e-14,1,1,1,0
4,3,0.0,-0.005,7,-0.038891,-0.038891,0,1,0.03472992450775587,16.756240231467807,0.047442025697200574,89.9997952487506,1.3113876680763609e-11,7.820997331865847e-14,1,1,1,0
4,4,0.0,-0.005,7,-0.038891,-0.038891,0,1,0.034729924507762314,16.756240231463615,0.0474420256971502,89.99979524875062,1.3113360179039896e-11,7.178987683871757e-14,1,1,1,0
4,5,0.0,-0.005,7,-0.038891,-0.038891,0,1,0.034729924507756034,16.756240231468073,0.04744202569719251,89.99979524875059,1.3113629292490905e-11,7.432521170504434e-14,1,1,1,0
4,6,0.0,-0.005,7,-0.038891,-0.038891,0,1,0.03472992450772389,16.756240231484707,0.04744202569735031,89.99979524875056,1.311320384888797e-11,7.033597941488764e-14,1,1,1,0
4,7,0.0,-0.005,7,-0.038891,-0.038891,0,1,0.034729924507756874,16.756240231466922,0.04744202569723864,89.9997952487506,1.3113373132851611e-11,7.132195055896945e-14,1,1,1,0
